Concern,Scenario,Violation ID,Skill,Severity,Code,Reference cited,Our paraphrase,What the scene shows,Reference correct? (Y/N),Text accurate? (Y/N),Correct reference,Edition notes,Comments
"Draft from public summaries: check rule number, sub-item and edition",Branch Circuit Wiring Inspection,BC-GFCI-BATH-001,shock-protection,Critical,cec,26-704,"A 5-15R or 5-20R receptacle within 1.5 m of a sink, bathtub or shower stall needs Class A GFCI protection.",Standard receptacle at bathroom sink without GFCI protection,,,,,
Corrected in pre-review: was 210.8(A)(5); text widened to all kitchen receptacles (2023 wording); confirm 2026,Branch Circuit Wiring Inspection,BC-GFCI-KITCHEN-001,shock-protection,Critical,nec,210.8(A)(6),"In a home's kitchens, every 125 V to 250 V receptacle needs GFCI protection, not only the ones that serve the countertop.",Kitchen countertop receptacle lacks GFCI protection,,,,,
"Draft from public summaries: check regulation number, amendment and edition (18th edition, amendments to 2026 unchecked)",Branch Circuit Wiring Inspection,BC-GFCI-KITCHEN-001,shock-protection,Critical,bs7671,411.3.3,Socket-outlets rated up to 32 A on AC final circuits need additional protection from an RCD with a rated trip current of 30 mA or less.,Kitchen worktop socket-outlet without RCD protection,,,,,
"Draft from public summaries: check regulation number, amendment and edition (18th edition, amendments to 2026 unchecked)",Branch Circuit Wiring Inspection,BC-GFCI-GARAGE-001,shock-protection,Major,bs7671,411.3.3,"Socket-outlets rated up to 32 A on AC final circuits need additional protection from an RCD with a rated trip current of 30 mA or less, including those used for mobile equipment outdoors.",Garage socket-outlet without RCD protection,,,,,
"Draft from public summaries: check rule number, sub-item and edition",Branch Circuit Wiring Inspection,BC-SPACING-WALL-001,branch-circuit-requirements,Major,cec,26-722,Place dwelling receptacles so that every spot along the floor line of usable wall space is within 1.8 m of one.,"Wall receptacles about 4.3 m (14 ft) apart, farther than the 3.6 m maximum",,,,,
"Draft from public summaries: check rule number, sub-item and edition",Branch Circuit Wiring Inspection,BC-WIRE-14AWG-001,overcurrent-protection,Critical,cec,14-104,"A device protecting copper conductors from 14 AWG to 10 AWG is limited to 15 A for 14 AWG, 20 A for 12 AWG and 30 A for 10 AWG, and generally cannot be rated above the conductor's ampacity.",14 AWG conductor connected to a 20-ampere breaker,,,,,
"Draft from public summaries: check rule number, sub-item and edition",Branch Circuit Wiring Inspection,BC-AFCI-BEDROOM-001,arc-fault-protection,Critical,cec,26-658,"Branch circuits that supply 125 V receptacles rated 20 A or less in a dwelling need combination-type AFCI protection, with listed exemptions such as refrigerator, kitchen counter and bathroom receptacles.",Bedroom branch circuit protected by standard breaker instead of AFCI,,,,,
"Draft from public summaries: check rule number, sub-item and edition",Branch Circuit Wiring Inspection,BC-AFCI-LIVING-001,arc-fault-protection,Critical,cec,26-658,"Branch circuits that supply 125 V receptacles rated 20 A or less in a dwelling need combination-type AFCI protection, with listed exemptions such as refrigerator, kitchen counter and bathroom receptacles.",Living room branch circuit missing AFCI protection at panel,,,,,
"Draft from public summaries: check rule number, sub-item and edition",Branch Circuit Wiring Inspection,BC-SPACING-COUNTER-001,branch-circuit-requirements,Major,cec,26-722(d)(iii),"Behind kitchen counter work surfaces, install split receptacles so that you are never farther than 900 mm, measured along the wall line, from one.","Kitchen countertop point 42 inches (about 1.07 m) from the nearest receptacle, over the 900 mm limit",,,,,
Corrected in pre-review: was 210.11(C)(1); confirm 2026 numbering,Branch Circuit Wiring Inspection,BC-DEDICATED-BATH-001,branch-circuit-requirements,Major,nec,210.11(C)(3),"Provide at least one 120 V, 20 A circuit for the bathroom receptacles.","Bathroom receptacle circuit shared with hallway, not a dedicated branch circuit",,,,,
Corrected in pre-review: was 210.11(C)(3); confirm 2026 numbering,Branch Circuit Wiring Inspection,BC-DEDICATED-KITCHEN-001,branch-circuit-requirements,Major,nec,210.11(C)(1),Provide two or more 20 A small-appliance circuits for the kitchen receptacles.,Only one small-appliance branch circuit serving kitchen instead of required two,,,,,
Text now includes the sealed-opening condition (medium confidence); confirm,Branch Circuit Wiring Inspection,BC-WIRE-KITCHEN-001,conductor-sizing,Major,nec,334.80,"Bundling more than two NM cables (each with at least two current-carrying conductors) in a single hole in wood framing, without any gap between them, calls for derating each conductor's ampacity per Table 310.15(C)(1).",Four NM cables bundled through single stud hole without ampacity derate,,,,,
Corrected in pre-review: dishwasher GFCI is not new in 2026 (it dates to 2014); confirm,Branch Circuit Wiring Inspection,BC-GFCI-DISHWASHER-001,shock-protection,Major,nec,210.8(D),"The outlets that supply dishwashers in homes need GFCI protection, whether the dishwasher is plugged in or hard-wired.",Dishwasher branch circuit lacks GFCI protection,,,,,
"Doubt (medium): Checked against 3 public source(s), verdict corrected; no official text was opened. Existing app entry and violations that use 210.12(A) as the dwelling-room rule are also off by a letter for 2023. 2026 bathrooms/garages claim from blogs is unverified. 2026: Same lettering as 2023: (A) means, (B) dwelling units (ELR 2026 page). Room list unchanged there. Two blog pages claim 2026 adds bathrooms and garages; that conflicts with the ELR 2026 list and is unresolved.",Branch Circuit Wiring Inspection,BC-HALLWAY-001,arc-fault-protection,Major,nec,210.12(B),"In a dwelling unit, 120 V 10 A, 15 A and 20 A branch circuits serving outlets or devices in hallways and the other listed areas need arc-fault protection by one of the means in 210.12(A), usually a combination-type {term:arc-fault-device}.",Hallway receptacle circuit is fed by a plain breaker with no arc-fault protection,,,,,
"Doubt (medium): Checked against 3 public source(s), verdict corrected; no official text was opened. Only the subsection letter and the 10 A mention need fixing. 2026: Lettering and dining room entry unchanged in 2026 per ELR page.",Branch Circuit Wiring Inspection,BC-DINING-001,arc-fault-protection,Major,nec,210.12(B),"Dining room outlets on 120 V 10 A, 15 A and 20 A dwelling-unit circuits need arc-fault protection by one of the means in 210.12(A).","Dining room receptacle circuit is protected by a standard breaker, not an arc-fault device",,,,,
"Doubt (medium): Checked against 3 public source(s), verdict corrected; no official text was opened. Subsection letter fix only. 2026: No change to lettering or this room in the ELR 2026 text.",Branch Circuit Wiring Inspection,BC-FAMILYROOM-001,arc-fault-protection,Major,nec,210.12(B),"Family room outlets on 120 V 10 A, 15 A and 20 A dwelling-unit circuits need arc-fault protection by one of the means in 210.12(A), not just overcurrent protection.",Family room receptacle circuit has only a standard breaker,,,,,
"Doubt (medium): Checked against 2 public source(s), verdict corrected; no official text was opened. Answers the closet question: yes, on the dwelling room list (now (B), not (A)). 2026: Closets still listed in 2026 per ELR page.",Branch Circuit Wiring Inspection,BC-CLOSET-001,arc-fault-protection,Major,nec,210.12(B),"Closets are among the dwelling-unit areas where 120 V 10 A, 15 A and 20 A circuits need arc-fault protection by one of the means in 210.12(A).",Walk-in closet receptacle is on a circuit with no arc-fault protection,,,,,
"Doubt (medium): Checked against 3 public source(s), verdict corrected; no official text was opened. Drop any 'added in 2020' wording from learner text; I could not confirm it. 2026: Kitchens still listed; no change found.",Branch Circuit Wiring Inspection,BC-KITCHEN-001,arc-fault-protection,Major,nec,210.12(B),"Kitchen outlets on dwelling-unit 120 V 10 A, 15 A and 20 A circuits need arc-fault protection by one of the means in 210.12(A), in addition to any ground-fault protection the counter location needs.",Kitchen counter circuit has ground-fault protection only and no arc-fault protection,,,,,
"Doubt (medium): Checked against 2 public source(s), verdict corrected; no official text was opened. The edition-history wording in necText and hint was not confirmed, so it is removed. 2026: Laundry areas still listed in 2026; no change found.",Branch Circuit Wiring Inspection,BC-LAUNDRY-001,arc-fault-protection,Major,nec,210.12(B),"Laundry areas are on the dwelling-unit list needing arc-fault protection for 120 V 10 A, 15 A and 20 A circuits, by one of the means in 210.12(A).",Laundry area receptacle circuit has ground-fault protection only and no arc-fault protection,,,,,
"Doubt (medium): Checked against 3 public source(s), verdict corrected; no official text was opened. Neither the drafter's (D) nor the app's (B) is right for 2023 or 2026; (E) is. 2023 exception wording itself not seen, so expert should confirm it. 2026: Still 210.12(E); the outlet-type AFCI may now sit at the first receptacle outlet or first switch (ELR 2026 page).",Branch Circuit Wiring Inspection,BC-EXTENSION-001,arc-fault-protection,Major,nec,210.12(E),"When branch-circuit wiring serving the dwelling areas in 210.12(B) is modified, replaced or extended, the circuit needs arc-fault protection by a 210.12(A) means or an outlet branch-circuit AFCI at the first receptacle outlet of the existing circuit. A short extension adding no outlets or devices is excepted.",New bedroom outlets were added to an existing circuit that still has a plain breaker,,,,,
Corrected in pre-review: was 430.110; confirm (A) or (B) of 430.102,Commercial Installation Inspection,COM-DISC-SIGHT-001,disconnecting-means,Major,nec,430.102(B),A motor disconnect must be in sight of the motor and of the machinery the motor drives.,Motor disconnect is not within sight of the motor controller,,,,,
"Draft from public summaries: check rule number, sub-item and edition",Commercial Installation Inspection,COM-DISC-SIGHT-001,disconnecting-means,Major,cec,28-604,"Install a motor's disconnecting means in sight of the motor and its starter, and within 9 m of them.",Motor disconnect is not within sight of the motor controller,,,,,
Corrected in pre-review: 125% applies to service factor 1.15 or more; scene now uses a service factor 1.0 motor,Commercial Installation Inspection,COM-MOTOR-OL-001,overcurrent-protection,Major,nec,430.32,"A continuous-duty motor over 1 hp needs its own overload device set to trip at no more than 115 percent of nameplate full-load current, or 125 percent when the motor has a service factor of 1.15 or more or a marked temperature rise of 40 C or less.",Motor overload protection exceeds 115% of nameplate full-load amperes,,,,,
"Corrected in pre-review: was 220.44; the rule is 220.14(I), cited at article level",Commercial Installation Inspection,COM-RECPT-LOAD-001,load-calculation,Major,nec,220.14,"Outside dwelling units, count at least 180 VA for each single or multiple receptacle on one yoke when calculating the load.",Receptacle outlets not calculated at minimum 180 VA per outlet,,,,,
Doubt: title is about overcurrent protection but 430.24 covers conductors; protection may be 430.53 or 430.62,Commercial Installation Inspection,COM-MULTI-MOTOR-001,overcurrent-protection,Critical,nec,430.24,"For several motors, or a motor plus other loads, conductor ampacity is 125 percent of the largest motor's full-load current plus the full-load currents of the other motors.",Multiple motors on a single branch circuit without proper overcurrent protection sizing,,,,,
Corrected in pre-review: was 430.102(B); confirm whether 430.109 should also be cited,Commercial Installation Inspection,COM-MOTOR-CTRL-001,disconnecting-means,Major,nec,430.110,"A motor circuit's disconnect must be rated at 115 percent or more of the motor's full-load current, and a switch must also suit the motor's horsepower or locked-rotor current.",Motor controller disconnect not rated for locked-rotor current,,,,,
Text now lists all four tap conditions (medium confidence); confirm,Commercial Installation Inspection,COM-FEEDER-TAP-001,overcurrent-protection,Critical,nec,240.21(B)(1),"A feeder tap needs no overcurrent device at the tap if it is no longer than 3.0 m (10 ft), has ampacity of at least the combined calculated loads it serves, and runs in a raceway.",Feeder tap conductor does not meet the 10-foot tap rule requirements,,,,,
"Doubt (medium): Checked against 3 public source(s), verdict corrected; no official text was opened. The drafted reference misattributes the disconnect-rating comparison to 230.42(A); recommend 230.90(A) as the primary reference. Reviewer should confirm 230.42(B) or 230.79 does not also carry a disconnect-rating rule in 2023, since I could not open the NFPA text. 2026: Search summaries (tradesmance) say 230.42(A)(1) and (A)(2) are carried in the 2026 NEC; no information found on 230.90(A) changes.",Commercial Installation Inspection,COM-SERVICE-CONDUCTOR-001,conductor-sizing,Critical,nec,230.90(A),"The overcurrent device protecting service conductors must not be rated higher than the ampacity of those service conductors, apart from limited exceptions such as the next-size-up allowance. Separately, 230.42(A) requires the conductors to carry the calculated load.",Service-entrance conductors are much smaller than the rating of the main service disconnect they feed,,,,,
"Doubt (medium): Checked against 4 public source(s), verdict confirmed; no official text was opened. Use the item-level (D)(5) reference only if the app tracks sub-paragraphs; old guides list this as (D)(4). The newEntry text is fine but does not mention the new 2023 14 AWG CCA 15 A limit. 2026: no 2026 information found (a 2026 page only mentions Table 310.16 gaining a 14 AWG CCA row).",Commercial Installation Inspection,COM-ALUM-OCPD-001,conductor-sizing,Major,nec,240.4(D)(5),"Small aluminum conductors have lower overcurrent limits than copper: 12 AWG aluminum or copper-clad aluminum tops out at 15 A, and 10 AWG at 25 A, after any ambient and bundling corrections.","12 AWG aluminum conductors protected by a 20 A breaker, more than the limit for that small aluminum size",,,,,
"Doubt (medium): Checked against 3 public source(s), verdict corrected; no official text was opened. As drafted the scene may be legal for non-receptacle loads via 240.4(B), so the corrected scene uses receptacle circuits. Reviewer should rule on whether 240.4(B) round-up applies after derating. 2026: no confirmed 2026 information. One low-rigor site (ecalpro) claims the 7-9 conductor factor changes to 0.65; unsupported by any NFPA source.",Commercial Installation Inspection,COM-RACEWAY-DERATE-001,conductor-sizing,Major,nec,310.15(C)(1),"When more than three current-carrying conductors share a raceway or cable for more than 24 in., start from the 90 C column of Table 310.16 and apply the adjustment factor (80% for 4-6, 70% for 7-9, 50% for 10-20). The overcurrent limits in 240.4(D) are then applied to the adjusted ampacity.","Ten current-carrying 12 AWG conductors share one conduit with no ampacity derating, yet sit on a 20 A breaker",,,,,
"Doubt (medium): Checked against 3 public source(s), verdict corrected; no official text was opened. The rule is right but the sign-circuit scene conflicts with 600.5(B); an EV charger (625.40, 625.41) fits a 48 A continuous load. 2023 lettering (a) is single-source. 2026: no 2026 information found (search summaries only say 210.19(A)(1) has clarifying changes). Cited at the broader existing entry 210.19(A) because 210.19(A)(1)(a) could not be confirmed at that level.",Commercial Installation Inspection,COM-CONTINUOUS-WIRE-001,conductor-sizing,Major,nec,210.19(A),"For a branch circuit with continuous loads (running three hours or more), conductors need ampacity of at least 125% of that continuous load plus 100% of any non-continuous load.","A continuous 48 A EV charger is wired with 8 AWG copper, which is not large enough once the 125% factor is applied",,,,,
"Doubt (medium): Checked against 3 public source(s), verdict confirmed; no official text was opened. Page labels on 2020 versus 2023 numbering disagree with each other, so the (H) to (G) move is not firmly verified. The 2026 section number may change; check before 2026 release. 2026: Search summaries (Mike Holt thread title, not opened) say a 2026 proposal moves only Exception 1 (control power, 360 Hz) of 310.10(G)(1) to a new 240.21 control tap provision. The 1/0 AWG minimum appears to stay. Final 2026 numbering not confirmed.",Commercial Installation Inspection,COM-PARALLEL-SMALL-001,conductor-sizing,Major,nec,310.10(G)(1),Phase and neutral conductors may be paralleled only when each is 1/0 AWG or larger. Smaller conductors cannot be joined at both ends to make up a larger circuit.,A sub-panel feeder is made from two small 2 AWG conductors per phase connected in parallel,,,,,
"Doubt (medium): Checked against 3 public source(s), verdict confirmed; no official text was opened. Scene is rare in real equipment (most modern lugs are 75 C marked), but it is a legitimate label-reading item. The 40 A figure rests on one opened table page. 2026: no 2026 information found.",Commercial Installation Inspection,COM-TERMINAL-60C-001,conductor-sizing,Major,nec,110.14(C)(1)(a),"For circuits of 100 A or less, ampacity cannot exceed the 60 C column unless the terminals are listed and marked for higher-rated conductors. Insulation rating alone does not override the terminal limit.",8 AWG conductors supply a 45 A load but land on equipment terminals marked for 60 C only,,,,,
"Doubt (medium): Checked against 4 public source(s), verdict confirmed; no official text was opened. Near-duplicate of AMBIENT-BOILER-001 (same 8 AWG THHN, 50 A breaker, 90 C ampacity times a factor). Prefer keeping this one; it has the measurable 0.75 in. limit. Drop the XHHW-2 sentence from newEntry unless confirmed for 2023. 2026: no 2026 information found (a June 2026 manufacturer page mentions no 2026 change to the 3/4 in. threshold).",Commercial Installation Inspection,COM-ROOFTOP-ADDER-001,conductor-sizing,Major,nec,310.15(B)(2),"Where raceways or cables sit in direct sunlight on or above a roof with the bottom less than 3/4 in. above the roof (7/8 in. in earlier editions), add 33 C (60 F) to the outdoor temperature before using the ambient correction table.","Rooftop conduit sits on the roof surface in direct sun, with conductors sized without the sunlight temperature adder",,,,,
Text now notes 1/2 in is allowed for listed stainless or nonferrous rods; confirm,Grounding & Bonding Inspection,GND-ELECTRODE-001,earthing-bonding,Critical,nec,250.52(A)(5),A ground rod needs a length of at least 8 feet and a diameter of at least 5/8 inch (1/2 inch is allowed for listed stainless or nonferrous rods).,Ground rod not meeting minimum 8-foot length requirement,,,,,
"Draft from public summaries: check rule number, sub-item and edition",Grounding & Bonding Inspection,GND-ELECTRODE-001,earthing-bonding,Critical,cec,10-102,"A manufactured grounding electrode is normally two rods, each 3 m long, driven in full length, spaced at least 3 m apart and bonded together.",Ground rod shorter than the 3 m rod length,,,,,
Doubt: confirm the sub-item of 250.24(A) for connecting the grounding electrode conductor,Grounding & Bonding Inspection,GND-GEC-001,earthing-bonding,Critical,nec,250.24(A)(1),"The grounding electrode conductor is the link between the grounding electrode(s) and the service's equipment grounding conductors and enclosures and, if the system is grounded, its grounded conductor.",Grounding electrode conductor not connected to service equipment,,,,,
"Draft from public summaries: check regulation number, amendment and edition (18th edition, amendments to 2026 unchecked)",Grounding & Bonding Inspection,GND-GEC-001,earthing-bonding,Critical,bs7671,542.3,The earthing conductor runs from the main earthing terminal to the earth electrode or the supplier's earth terminal and must be connected at the main earthing terminal.,Earthing conductor not connected to the main earthing terminal,,,,,
"Draft from public summaries: check rule number, sub-item and edition",Grounding & Bonding Inspection,GND-BOND-WATER-001,earthing-bonding,Major,cec,10-700,Bond the building's metal water piping to the electrical grounding system with a bonding conductor.,Metal water piping not bonded to grounding system,,,,,
"Draft from public summaries: check regulation number, amendment and edition (18th edition, amendments to 2026 unchecked)",Grounding & Bonding Inspection,GND-BOND-WATER-001,earthing-bonding,Major,bs7671,411.3.1.2,"Extraneous metal that enters the building, such as a metal water service pipe, is bonded to the main earthing terminal.",Metal water service pipe not main-bonded to the earthing terminal,,,,,
"Draft from public summaries: check regulation number, amendment and edition (18th edition, amendments to 2026 unchecked)",Grounding & Bonding Inspection,GND-EGC-SIZE-001,earthing-bonding,Major,bs7671,543.1,"Size the circuit protective conductor (cpc) for the fault energy, or from the line conductor size, so it can carry a fault safely.",Circuit protective conductor undersized for the circuit,,,,,
"Draft from public summaries: check rule number, sub-item and edition",Grounding & Bonding Inspection,GND-ELECTRODE-SYS-001,earthing-bonding,Critical,cec,10-104,Connect together all the grounding electrodes at a building so that they act as one grounding system.,Multiple grounding electrodes present but not bonded together,,,,,
Doubt: confirm the single-rod supplement rule and its exception in the 2026 edition,Grounding & Bonding Inspection,GND-SUPPLEMENT-001,earthing-bonding,Major,nec,250.53(A)(2),"When the only electrode is one rod, pipe or plate, add a second electrode and bond it to the first, to the grounding electrode conductor, to the incoming grounded conductor at the service, or to the service enclosure.",Single ground rod used as sole electrode without supplemental electrode,,,,,
"Draft from public summaries: check regulation number, amendment and edition (18th edition, amendments to 2026 unchecked)",Residential Service Panel Inspection,RP-WORK-PANEL-001,equipment-installation,Major,bs7671,134.1.1,"Installation work is carried out by competent people with proper materials, and connections are secure and accessible for inspection.",Unsecured conductors in the consumer unit with poor workmanship,,,,,
"Draft from public summaries: check rule number, sub-item and edition",Residential Service Panel Inspection,RP-CLEAR-FRONT-001,working-space-access,Major,cec,2-308,Keep at least 1 m of clear working space about electrical equipment wherever it must be reached for operation or maintenance.,Working space in front of panel is less than 1 m deep,,,,,
"Draft from public summaries: check rule number, sub-item and edition",Residential Service Panel Inspection,RP-DISC-LOC-001,disconnecting-means,Critical,cec,6-206,"Put the consumer's service equipment where it is readily accessible and close to where the service conductors enter the building, and not in places such as clothes closets, bathrooms or stairways.",Service disconnect located in an area not readily accessible,,,,,
"Draft from public summaries: check regulation number, amendment and edition (18th edition, amendments to 2026 unchecked)",Residential Service Panel Inspection,RP-DISC-LOC-001,disconnecting-means,Critical,bs7671,462,"Every installation can be isolated by a main switch at its origin, and the main switch must be accessible.",Main switch located in an area not readily accessible,,,,,
"Draft from public summaries: check rule number, sub-item and edition",Residential Service Panel Inspection,RP-WIRE-OVER-001,overcurrent-protection,Critical,cec,14-104,"A device protecting copper conductors from 14 AWG to 10 AWG is limited to 15 A for 14 AWG, 20 A for 12 AWG and 30 A for 10 AWG, and generally cannot be rated above the conductor's ampacity.",12 AWG conductor protected by a 30-ampere overcurrent device,,,,,
"Draft from public summaries: check rule number, sub-item and edition",Residential Service Panel Inspection,RP-PANEL-HEIGHT-001,working-space-access,Major,cec,26-600,"In a dwelling unit, mount no branch-circuit breaker or switch with its handle more than 1.7 m above the finished floor. The main is excepted.",Breaker operating handle is mounted above 1.7 m,,,,,
"Draft from public summaries: check regulation number, amendment and edition (18th edition, amendments to 2026 unchecked)",Residential Service Panel Inspection,RP-DIR-MISS-001,identification-marking,Major,bs7671,514.9.1,"A durable, legible chart, diagram or schedule at each consumer unit shows the type and make-up of every circuit.",Consumer unit circuit chart is missing or inaccurate,,,,,
Corrected in pre-review: was 408.36; the number-of-devices rule is 408.54,Residential Service Panel Inspection,RP-BUS-EXCEED-001,equipment-installation,Critical,nec,408.54,"A panelboard must physically prevent installing more overcurrent devices than the number it was designed, rated and listed for.",More circuit breakers installed than the panel's rated number of spaces,,,,,
"Doubt (medium): Checked against 2 public source(s), verdict confirmed; no official text was opened. Safe to ship as drafted. Make sure the scene shows ignitible material touching or right next to the panel, not just a closet. 2026: no 2026 information found for 240.24(D). Only 240.24(E) is reported changed in 2026 (MN DLI summary, Utah course outline).",Residential Service Panel Inspection,RP-CLOSET-PANEL-001,working-space-access,Major,nec,240.24(D),"Overcurrent devices must not be placed where easily ignited material is nearby, such as inside a clothes closet.","The panel is mounted inside a clothes closet, with coats hanging against it",,,,,
"Doubt (medium): Checked against 3 public source(s), verdict confirmed; no official text was opened. Rule and lettering are right; I could not open the exact 2023 sentence, only quotes of it. Scene should make clear it is a dwelling bathroom, not an existing-installation case. 2026: 240.24(E) gets a new exception (adding OCPDs to an existing, previously compliant panelboard in a bathroom). Letter (E) unchanged. Source: MN DLI minutes and Utah course outline. Full text not seen.",Residential Service Panel Inspection,RP-BATH-PANEL-001,working-space-access,Major,nec,240.24(E),"In dwelling units (and hotel or motel guest rooms and suites), overcurrent devices other than supplementary overcurrent protection must not be located in bathrooms.",The panel is installed inside a bathroom next to the garage wall,,,,,
"Doubt (medium): Checked against 3 public source(s), verdict confirmed; no official text was opened. Reference is correct. In the 3D scene the pipe must visibly pass inside the panel's footprint column, and an unfinished ceiling above a drywall ceiling is not what students will see. 2026: no 2026 information found for 110.26(E)(1). Note: 2023 already added 'service equipment' to the (E) list; 2026 changes found elsewhere in 110.26 only (door swing/egress, (C)(2), possibly (A)(1)).",Residential Service Panel Inspection,RP-PIPE-ABOVE-001,working-space-access,Major,nec,110.26(E)(1)(a),"The space equal to the width and depth of the panel, from the floor up to 6 ft above the equipment or the structural ceiling (whichever is lower), is reserved for the electrical installation. Pipes, ducts, leak protection apparatus and other foreign equipment cannot be in it.","A water supply pipe runs straight down past the top of the panel, through the space above it",,,,,
"Doubt (medium): Checked against 3 public source(s), verdict confirmed; no official text was opened. Existing entry 110.26(A)(2) already exists in the app, so no new entry is needed. Consider noting that (A)(2) holds both the width and door rules. 2026: no 2026 information found for 110.26(A)(2).",Residential Service Panel Inspection,RP-WIDTH-001,working-space-access,Major,nec,110.26(A)(2),"The clear space in front of the equipment must be at least 30 in wide, or as wide as the equipment if that is greater, and may be centred or offset.",The clear working space beside and in front of the panel is only about 20 inches wide because a water heater and a shelving unit crowd both sides,,,,,
"Doubt (medium): Checked against 3 public source(s), verdict corrected; no official text was opened. Ship only if the scene states new construction or the panel is over 200 A, otherwise an inspector could say the exception applies. The drafter's own doubt about the exception was right. 2026: no 2026 information found for 110.26(A)(3).",Residential Service Panel Inspection,RP-HEADROOM-001,working-space-access,Major,nec,110.26(A)(3),"The working space must be clear from the floor to at least 6.5 ft, or the equipment height if taller. Exception: service equipment or panelboards of 200 A or less in an existing dwelling unit may have less headroom.","A low soffit and duct run in front of the panel, over the standing spot, leave only about 5.5 feet of headroom in the working space of this new-construction house",,,,,
"Doubt (medium): Checked against 3 public source(s), verdict confirmed; no official text was opened. Reference is right for 2023. Avoid confusing with the new egress-path door rule if the scene is reused. 2026: 110.26 door language clarified in 2026: equipment doors are judged for blocking access or egress regardless of door position, removability, or opening past 90 degrees. This concerns the egress rule, not renumbering of the 90 degree rule. Source: MN DLI minutes.",Residential Service Panel Inspection,RP-DOOR-SWING-001,working-space-access,Minor,nec,110.26(A)(2),The working space must allow equipment doors and hinged panels to open to at least 90 degrees.,The panel door cannot swing open to a right angle because a bicycle rack and wall corner stop it partway,,,,,
"Doubt (medium): Checked against 3 public source(s), verdict confirmed; no official text was opened. Scene must keep the disconnect clearly away from the equipment it serves, or the 'purpose evident' carve-out applies. Entry text is fine; 408.4 'related' link is reasonable. 2026: 110.22 still exists in 2026 (UpCodes lists it, ECM cites it for EVSE shutoff marking); no change to (A) found.",Residential Service Panel Inspection,RP-IDMARK-DISC-001,identification-marking,Minor,nec,110.22(A),"Each service, feeder and branch-circuit disconnecting means is legibly marked to show what it is for, unless its location and arrangement already make the purpose obvious.",A disconnect switch in the garage has no label saying what it controls,,,,,
"Doubt (medium): Checked against 3 public source(s), verdict confirmed; no official text was opened. Reference is 200.6(A) for 2023 but must be 200.7(A) if the app targets 2026. Existing 200.6 entry title matches the 2023 title. 2026: Renumbered: 200.6 becomes 200.7 in the 2026 NEC (UpCodes, Utah course outline, Minnesota DLI summary). 2026 also adds a new 200.7(A)(9) allowing a single non-green stripe; a solid red wire still fails.",Residential Service Panel Inspection,RP-IDMARK-NEUTRAL-RED-001,identification-marking,Major,nec,200.6(A),"An insulated grounded conductor of 6 AWG or smaller is identified by a continuous white or gray outer finish, or by three continuous white or gray stripes on other than green insulation.",A small branch-circuit neutral is red instead of white or gray,,,,,
"Doubt (medium): Checked against 2 public source(s), verdict corrected; no official text was opened. Use 250.119(A) as the reference. The newEntry should be refreshed so the 4 AWG note points to (B) and the EGC-LARGE item uses 250.119(B). 2026: no 2026 information found",Residential Service Panel Inspection,RP-IDMARK-EGC-GREEN-001,identification-marking,Critical,nec,250.119(A),"Insulated equipment grounding conductors of the wire type have a continuous green or green-with-yellow-stripe finish, and conductors with that finish are not used as ungrounded or grounded circuit conductors.",A green conductor is connected to a breaker and used as a live wire,,,,,
"Doubt (medium): Checked against 2 public source(s), verdict corrected; no official text was opened. Keep reference as 200.7 for 2023 (200.7(C) for the re-marking detail). Entry title already matches the 2023 title; 2026 title and number differ. 2026: Renumbered: this rule moves from 200.7 to 200.8 in the 2026 NEC (UpCodes, Utah 2026 Chapter 2 outline listing 200.8(C)(1) cable assemblies and (C)(2) flexible cords).",Residential Service Panel Inspection,RP-IDMARK-WHITE-HOT-001,identification-marking,Major,nec,200.7,"White, gray, or three-white-stripe insulation is for grounded conductors only. On circuits of 50 V or more it may serve as an ungrounded conductor only inside a cable assembly (for example a switch-loop supply) or a flexible cord, and in a cable it must be permanently re-marked a colour other than white, gray or green at its termination and wherever visible and accessible.",A white conductor is used as an ungrounded (hot) conductor with no re-identification,,,,,
"Doubt (medium): Checked against 2 public source(s), verdict confirmed; no official text was opened. Fine for 2023. If the app moves to 2026, the dwelling wording and compliantFact need updating. Check whether the app also has an exterior emergency-disconnect violation to avoid overlap. 2026: Changed. 230.70(B) now requires 'SERVICE DISCONNECT' marking on or beside each service disconnect, and one- and two-family dwellings also need 'EMERGENCY DISCONNECT' (red background, white text, at least 1/2 in.). 230.85 was deleted and moved into 230.70; new 230.70(D) requires a plaque for other sources. Sources: electricallicenserenewal 1873 and 1878, ECM top-25 article, Minnesota DLI summary. ECM and the CE site differ slightly on which wording applies to which building type.",Residential Service Panel Inspection,RP-IDMARK-SVCDISC-001,identification-marking,Major,nec,230.70(B),"Each service disconnect is permanently marked to show that it is a service disconnect, so people can tell the one device that cuts off the whole supply.",The main disconnect at the service is not marked as the service disconnect,,,,,
"Doubt (medium): Checked against 2 public source(s), verdict confirmed; no official text was opened. Scene works because the conductor is a neutral by function (lands on the neutral bar). Same edition-numbering issue as the red-neutral item. 2026: Renumbered to 200.7(B) in the 2026 NEC (UpCodes; Utah 2026 outline lists 200.7 (B) Sizes 4 AWG or Larger). No substantive change found.",Residential Service Panel Inspection,RP-IDMARK-NEUTRAL-FEEDER-001,identification-marking,Major,nec,200.6(B),"A grounded conductor of 4 AWG or larger is identified by white or gray finish, three white stripes, or a distinctive white or gray marking put on at its terminations when installed.",A large black feeder neutral has no white marking at its ends,,,,,
"Doubt (medium): Checked against 2 public source(s), verdict corrected; no official text was opened. Fix necText and entry before shipping; the old wording would teach students an outdated rule. Scene should have the inverter on the garage wall and no plaque at all. 2026: Plaque duty is expanded in new 230.70(D) (all sources not at the service disconnect listed on a plaque showing location) per Minnesota DLI and ECM. 705.10 itself: one vendor blog says only editorial (110.25 to 110.21(B)); no authoritative 2026 text found.",Residential Service Panel Inspection,RP-IDMARK-PV-PLAQUE-001,identification-marking,Major,nec,705.10,"A permanent plaque, label or directory at each service equipment location (or an approved readily visible spot) shows where each power source disconnecting means is, lists emergency phone numbers of off-site entities servicing the sources, and carries the wording 'CAUTION: MULTIPLE SOURCES OF POWER'.",Rooftop solar feeds the panel but no multiple-sources plaque at the service shows where the solar disconnect is,,,,,
"Doubt (medium): Checked against 2 public source(s), verdict corrected; no official text was opened. Keep with the corrected letter (B). Subtle, Expert difficulty is appropriate; scene needs the unmarked ends visible inside the panel. 2026: no 2026 information found",Residential Service Panel Inspection,RP-IDMARK-EGC-LARGE-001,identification-marking,Minor,nec,250.119(B),"An insulated equipment grounding conductor of 4 AWG or larger that is not green must be permanently identified as an EGC at each end and at every accessible point, by stripping the insulation, coloring it green at the termination, or green tape or labels at the termination; conductor bodies with no splices or unused hubs are exempt.",A large black equipment grounding conductor has no green marking at its ends,,,,,
"Doubt (medium): Checked against 3 public source(s), verdict corrected; no official text was opened. Keep, but fix the newEntry text and lower its confidence note until the 2026 702.7(A) is checked. Scene works if the transfer switch is visibly next to the inlet. 2026: 702.7(C) keeps its number in 2026 per UpCodes; no 2026 text change found. 702.7(A) for dwellings points to 230.85, which 2026 deleted, so (A) is probably revised (inference, not seen).",Residential Service Panel Inspection,RP-IDMARK-GENINLET-SIGN-001,identification-marking,Major,nec,702.7(C),"Where a power inlet is used for a temporary connection to a portable generator, a warning sign near the inlet states the type of system the inlet is wired for, based on the transfer equipment: bonded-neutral (separately derived) only, or floating-neutral (non-separately derived) only.",A generator inlet beside the garage has no warning sign about the type of system it supplies,,,,,
"Doubt (medium): Checked against 3 public source(s), verdict confirmed; no official text was opened. Safe to ship. Scene must show no disconnect anywhere on or near the condenser and no plug-and-receptacle arrangement. 2026: NFPA's Amendment 70-48 ballot (July 2025) concerns 440.14 for 2026; body text is identical in every version shown. A residential 'Exception No. 3' (non-fused, 250 V or less, 60 A or less: in sight and accessible) was in the second draft; the vote appears to revert to 2023 text, but I could not tell whether it survived in the published 2026 book. A scene with no disconnect at all is unaffected either way.",Residential Service Panel Inspection,RP-DISC-AC-NONE-001,disconnecting-means,Major,nec,440.14,"A way to disconnect the air-conditioning unit must be placed where it can be seen from the unit and reached easily, and may be mounted on or inside the unit.","The outdoor air-conditioning condenser has no disconnect at the unit; the only way to cut power is a breaker inside the house, out of sight of the condenser",,,,,
"Doubt (medium): Checked against 2 public source(s), verdict corrected; no official text was opened. Rule is sound but the pool pump is not in the scene; I suggest moving it to the AC disconnect (or shed switch). Reviewer should confirm the 2023 exceptions from the book. 2026: no 2026 information found (IAEI 2026 summary does not mention 404.7)",Residential Service Panel Inspection,RP-DISC-HANDLE-INVERTED-001,disconnecting-means,Minor,nec,404.7,"General-use and motor-circuit switches and circuit breakers in enclosures must clearly show open (off) or closed (on). Where the handle moves vertically, the up position is the closed (on) position.","A vertical-handle disconnect on the outdoor air-conditioner is mounted upside down, so the handle's down position is ON and up is OFF",,,,,
"Doubt (medium): Checked against 3 public source(s), verdict corrected; no official text was opened. The drafter's snap-switch doubt rests on outdated text; the fix is only to the newEntry wording. I did not open any 2023 or later page quoting 225.36 itself, so the reviewer should check it. 2026: 225.31 is revised in 2026: an outside disconnect may be on or within sight of the building (ECM key-revisions article and a 2026 study guide, both opened). Number unchanged. 225.36 text for 2026 not directly seen.",Residential Service Panel Inspection,RP-DISC-SHED-NONE-001,disconnecting-means,Major,nec,225.31,"A building or structure supplied by a feeder or branch circuit needs a means to disconnect all ungrounded conductors that supply or pass through it. Under 225.36 a circuit breaker, molded case switch, general-use switch or snap switch all qualify.","The detached shed is fed by a feeder from the house, but where the cable enters the shed there is no switch or breaker to disconnect the supply",,,,,
"Doubt (medium): Checked against 3 public source(s), verdict confirmed; no official text was opened. Rule is solid. Scene needs a breaker with no lock-off clip or hasp, no line of sight, and no unit switch on the heater. 2026: no 2026 information found",Residential Service Panel Inspection,RP-DISC-WH-SIGHT-001,disconnecting-means,Major,nec,422.31(B),"For a fixed appliance over 300 VA, the branch-circuit breaker can be its disconnect only if it is in sight of the appliance or can be locked open with the lock provision staying in place.","The water heater is switched only by a breaker in the garage panel, which cannot be seen from the heater, and that breaker has no provision for a lock",,,,,
"Doubt (medium): Checked against 3 public source(s), verdict corrected; no official text was opened. Reference should be 230.71(B). Place the seven mains on outdoor equipment so the scene is also valid under 2026 230.70. 2026: 230.71 and 230.72 remain in the 2026 code under the same numbers (2026 study guide and a search summary); 230.85 was deleted and its content moved into 230.70. No renumbering of 230.71 found.",Residential Service Panel Inspection,RP-DISC-SVC-SEVEN-001,disconnecting-means,Major,nec,230.71(B),"A service normally has one disconnect; up to six service disconnecting means (switches or sets of breakers) are permitted for each service, and more than six is not. The limit is per service, not per building.",The garage service equipment has seven separate service disconnect breakers instead of at most six,,,,,
"Doubt (medium): Checked against 3 public source(s), verdict confirmed; no official text was opened. Keep the house as single-family and new. Reviewer should confirm the (C) letter from the 2023 book. 2026: 230.79 keeps its number in 2026 per a 2026 study guide; 100 A minimum unchanged. Whether the 2026 text extends 100 A to two-family dwellings is unclear (sources differ). Cited at the broader existing entry 230.79 because 230.79(C) could not be confirmed at that level.",Residential Service Panel Inspection,RP-DISC-SVC-RATING-001,disconnecting-means,Major,nec,230.79,"For a one-family dwelling, the service disconnecting means must be rated at least 100 amperes, 3-wire, whatever the calculated load.","The one-family house's service disconnect is rated 60 A, below the 100 A minimum",,,,,
"Doubt (medium): Checked against 3 public source(s), verdict confirmed; no official text was opened. Safe to ship. Make sure the nameplate is visibly partly hidden so the second limb is observable. 2026: Same sentence is in the NFPA 2026 amendment ballot text; no change to it found. See DISC-AC-NONE-001 for the exception question.",Residential Service Panel Inspection,RP-DISC-AC-PANEL-001,disconnecting-means,Minor,nec,440.14,"The disconnect must not sit on a panel designed to give access to the equipment, nor hide the equipment nameplate.",The condenser disconnect is screwed to the unit's removable service access panel and covers part of the equipment nameplate,,,,,
"Doubt (medium): Checked against 3 public source(s), verdict corrected; no official text was opened. The 36 in figure comes from Table 110.26(A)(1), not 440.14 itself; the 110.26(A) newEntry may duplicate the existing panel clearance entry (RP-CLEAR-FRONT-001), so check the main database. I did not open the table text itself, only guides and articles. 2026: 110.26(A) link in 440.14 is unchanged in NFPA's 2026 amendment ballot text; no change to the 36 in figure found.",Residential Service Panel Inspection,RP-DISC-AC-WORKSPACE-001,disconnecting-means,Major,nec,440.14,An air-conditioning disconnect must meet the working space rules of 110.26(A). At 120/240 V (0-150 V to ground) the clear depth in front is at least 36 in; the space is also at least 30 in wide and 6.5 ft high.,A fence leaves only 20 in of clear depth in front of the condenser disconnect,,,,,
"Doubt (medium): Checked against 2 public source(s), verdict confirmed; no official text was opened. Both opened pages are older and may share a source; I could not open an NFPA 2023 page. Letter (A) is a long-stable subdivision, so risk is low. 2026: no 2026 information found (the Chapter 1 2026 EC&M summary I opened does not mention 110.12; a search summary claiming a wording change was not verifiable)",Residential Service Panel Inspection,RP-KNOCKOUT-001,equipment-installation,Minor,nec,110.12(A),Unused cable or raceway openings in enclosures must be effectively closed so they protect about as well as the enclosure wall itself.,An unused knockout on the garage panel enclosure has been punched out and left open,,,,,
"Doubt (medium): Checked against 2 public source(s), verdict confirmed; no official text was opened. Opened sources are older-edition quotes, no 2023-specific page opened; rule wording has been stable for many editions. 2026: no 2026 information found",Residential Service Panel Inspection,RP-BLANKFILLER-001,equipment-installation,Minor,nec,408.7,Unused openings meant for breakers or switches must be closed with identified closures or other approved means giving protection close to that of the enclosure wall.,"An empty breaker space in the panel has no blank filler, leaving the opening exposed",,,,,
"Doubt (medium): Checked against 2 public source(s), verdict corrected; no official text was opened. Two sources agree on the rule, but neither is 2023 NEC text, so the literal 'listed fitting' phrase was softened. Reviewer should check actual 312.5(C) wording if possible; note 312.5 could move in 2026 as 312.4 to 312.7 did. 2026: no 2026 information found (2026 Chapter 3 EC&M article returned 403; a search snippet says 312.8(A) became 312.11(A) in 2026, so Article 312 numbering did shift, but 312.5(C) specifically not confirmed)",Residential Service Panel Inspection,RP-CABLECLAMP-001,equipment-installation,Major,nec,312.5(C),"Where cable is used, each cable entering a cabinet or panel enclosure must be secured to the enclosure. A narrow exception lets nonmetallic-sheathed cable enter the top of a surface-mounted enclosure through a long raceway.",A cable passes through the enclosure opening with no clamp or connector holding it to the enclosure,,,,,
"Doubt (medium): Checked against 4 public source(s), verdict confirmed; no official text was opened. Use 312.4 for 2023 and note 312.7 for 2026. Consider setting limit to 3.2 mm or keeping 3 mm with inches as the authority; the scene needs the drywall cue to stay noncombustible. 2026: Renumbered to 312.7 in the 2026 NEC (EC&M July 2026 Q&A and Texas 2026 code listing); 1/8 in. figure unchanged in those sources.",Residential Service Panel Inspection,RP-WALLGAP-001,equipment-installation,Minor,nec,312.4,"Where a flush-cover cabinet sits in a noncombustible wall surface, any broken or missing surface must be repaired so gaps at the cabinet edge are no more than 3 mm (1/8 in.).",The flush-mounted panel cover has a wide gap between the enclosure edge and the broken drywall around it,,,,,
"Doubt (medium): Checked against 2 public source(s), verdict confirmed; no official text was opened. The EC&M photo also showed white paint on conductors (200.7); keep scene to bus and terminals to avoid a second violation. 2026: no 2026 information found",Residential Service Panel Inspection,RP-PAINTBUS-001,equipment-installation,Major,nec,110.12(B),"Internal parts such as busbars, terminals and insulators must not be damaged or contaminated by foreign materials like paint, plaster, cleaners, abrasives or corrosive residue.",Wall paint overspray has coated the bus stabs and terminals inside the panel,,,,,
"Doubt (medium): Checked against 3 public source(s), verdict confirmed; no official text was opened. Applying the clause to nicked strands is an inspector's interpretation; the expert may want that noted in the hint. Cue must be visible cut copper, which is hard at stylus scale. 2026: no firm 2026 information found (a search summary says 2026 swaps 'suitable' for 'identified' in 110.14, not verified)",Residential Service Panel Inspection,RP-NICKEDWIRE-001,equipment-installation,Major,nec,110.14(A),Connections to terminals must be mechanically secure and made so the conductor is not damaged in the process.,A conductor under a breaker lug has been nicked and some copper strands cut away where it was stripped,,,,,
"Doubt (medium): Checked against 3 public source(s), verdict corrected; no official text was opened. I refiled this under 110.14(A) because torque cannot be seen; if the expert prefers 110.14(D), the cue must be a visible label stating torque plus a loose screw, which still does not prove the method. Overlaps in reference with NICKEDWIRE-001 and DOUBLETAP-001, but the faults differ. 2026: no firm 2026 information found for 110.14(D)",Residential Service Panel Inspection,RP-TERMTORQUE-001,equipment-installation,Major,nec,110.14(A),"Connections to terminals must be a mechanically secure electrical connection, made without damaging the conductors.",A breaker terminal screw is backed out and the conductor sits loose in the lug,,,,,
"Draft from public summaries: check regulation number, amendment and edition (18th edition, amendments to 2026 unchecked)",Special Locations Inspection,SL-POOL-BOND-001,special-locations,Critical,bs7671,702.415.2,"Metal parts in the pool zones, such as ladders and rails, are connected together by a supplementary bonding conductor.",Metal pool ladder and handrail are not bonded to the pool's bonding grid,,,,,
"Doubt (medium): Checked against 5 public source(s), verdict corrected; no official text was opened. The utility owns the drop (90.2(B)(5)), so the rule bars siting the pool under it; the scene should read as a pool placed under an existing drop. Could not open the Table 680.9(A) row text, so the cabled-with-messenger conductor type is unverified. 2026: No 2026 change to the 22.5 ft clearance found. Handout says 2026 had editorial reordering and splitting of Article 680 sections, so subsection letters could move.",Special Locations Inspection,SL-POOL-OVERHEAD-001,special-locations,Critical,nec,680.9(A),"Pools, spas and hot tubs may not be placed within the Table 680.9(A) clearances of overhead service or other overhead conductors not in a raceway; for 0-750 V insulated service-drop type cable the clearance is 22.5 ft, measured from the maximum water level.",Utility service drop runs only 15 feet above the water of the backyard pool,,,,,
"Doubt (medium): Checked against 3 public source(s), verdict confirmed; no official text was opened. 2023 subsection numbering not read from primary text but three sources agree from 2017 to 2023-era. Worth noting in the hint that GFCI also applies within 20 ft. 2026: No 2026 change to the 6 ft distance found; 2026 handout notes only editorial reordering and a storable-pool receptacle change.",Special Locations Inspection,SL-POOL-RECEPT-001,special-locations,Major,nec,680.22(A)(3),"Receptacles that are not for pool pump motors or other circulation-system loads must be at least 6 ft from the inside wall of a permanently installed pool, measured along the shortest path a cord would take.",A general-purpose receptacle is mounted about 3 feet from the edge of the pool,,,,,
"Doubt (medium): Checked against 5 public source(s), verdict confirmed; no official text was opened. 2023 title appears to be Equipment Disconnecting Means (one source), so the new entry title may change. Existing entry 680.12 Maintenance Disconnecting Means is 2014 numbering; the 2023 number is 680.13. 2026: No 2026 information found.",Special Locations Inspection,SL-SPA-DISC-001,special-locations,Major,nec,680.13,"Pool, spa and hot tub equipment other than lighting needs a readily accessible maintenance disconnect within sight of the equipment and at least 5 ft horizontally from the water, measured from the water's edge along the shortest path, unless a permanent barrier gives a 5 ft reach path.",The maintenance disconnect for the hot tub equipment is mounted 2 feet from the spa wall,,,,,
"Doubt (medium): Checked against 4 public source(s), verdict confirmed; no official text was opened. Make the GFCI absence unambiguous in the scene (plain receptacle, no protective device anywhere on the circuit). A 240 V pump is more typical but 120 V is covered. 2026: TIA 70-26-1 (effective April 30, 2025) amends 680.21(C) for variable-speed drive motors and applies to the 2023 and 2026 editions; 2026 also raises the three-phase GFCI limit from 60 A to 100 A. Neither changes this scene.",Special Locations Inspection,SL-POOL-PUMPGFCI-001,special-locations,Critical,nec,680.21(C),"Outlets supplying pool pump motors on single-phase 120 V through 240 V branch circuits need Class A ground-fault protection, whether the pump is on a receptacle or wired directly; in 2023 the protection type points to 680.5(B).",Pool pump is plugged into an outdoor receptacle with no GFCI,,,,,
"Doubt (medium): Checked against 4 public source(s), verdict corrected; no official text was opened. Reference and numbers are right for 2023; fix the scene so it breaks the rule (no plaque, breaker not lockable). 2026 may differ, so treat this item as 2023 only. 2026: IAEI article says 2026 restructures 625.43 into (A) to (D), with a lockable disconnect for permanently connected equipment, plug as disconnect up to 60 A, and emergency shutoff exempting one- and two-family homes. 2026 thresholds need an expert check.",Special Locations Inspection,SL-EV-DISC-001,special-locations,Major,nec,625.43,"Charging equipment rated over 60 A or over 150 V to ground needs a readily accessible disconnect that can be locked open, with a plaque if it is remote from the equipment.","A high-rated hardwired EV charger has no readily accessible, lockable disconnect",,,,,
"Doubt (medium): Checked against 3 public source(s), verdict confirmed; no official text was opened. Letter (C) not read from 2023 text but the 2017 text and 2023 section title agree. The same device could also be argued under 680.13 if it is a disconnect. 2026: No change to the 5 ft rule found; 2026 adds a new 680.22(D) on portable signs and editorial reordering.",Special Locations Inspection,SL-POOL-SWITCH-001,special-locations,Major,nec,680.22(C),"Switches, timers and similar devices must be at least 5 ft horizontally from the pool's inside wall, unless a solid fence, wall or other permanent barrier separates them or the device is listed for closer use.",A pool equipment timer switch is mounted 2 feet from the pool wall without a barrier,,,,,
,Branch Circuit Wiring Inspection,BC-GFCI-BATH-001,shock-protection,Critical,nec,210.8(A)(1),"In a home's bathrooms, every 125 V to 250 V receptacle needs GFCI protection.",Standard receptacle at bathroom sink without GFCI protection,,,,,
,Branch Circuit Wiring Inspection,BC-GFCI-GARAGE-001,shock-protection,Major,nec,210.8(A)(2),Garages and outbuildings need GFCI protection on 125 V to 250 V receptacles when the floor is at or below grade.,Garage receptacle without GFCI protection,,,,,
,Branch Circuit Wiring Inspection,BC-SPACING-WALL-001,branch-circuit-requirements,Major,nec,210.52(A),Place receptacles so every point along a wall's floor line is within 6 feet of one.,"Wall receptacles spaced 14 feet apart, exceeding 12-foot maximum",,,,,
,Branch Circuit Wiring Inspection,BC-WIRE-14AWG-001,overcurrent-protection,Critical,nec,240.4(D),"Small copper conductors have breaker limits: 15 A for 14 AWG, 20 A for 12 AWG and 30 A for 10 AWG.",14 AWG conductor connected to a 20-ampere breaker,,,,,
,Branch Circuit Wiring Inspection,BC-AFCI-BEDROOM-001,arc-fault-protection,Critical,nec,210.12(B),"In a home, 120 V single-phase 15 A and 20 A branch circuits that serve outlets in habitable rooms such as kitchens, living and dining rooms, bedrooms, closets, hallways and laundry areas need arc-fault protection by one of the methods in 210.12(A)(1) through (A)(6).",Bedroom branch circuit protected by standard breaker instead of AFCI,,,,,
,Branch Circuit Wiring Inspection,BC-AFCI-LIVING-001,arc-fault-protection,Critical,nec,210.12(B),"In a home, 120 V single-phase 15 A and 20 A branch circuits that serve outlets in habitable rooms such as kitchens, living and dining rooms, bedrooms, closets, hallways and laundry areas need arc-fault protection by one of the methods in 210.12(A)(1) through (A)(6).",Living room branch circuit missing AFCI protection at panel,,,,,
,Branch Circuit Wiring Inspection,BC-SPACING-COUNTER-001,branch-circuit-requirements,Major,nec,210.52(C),Space countertop receptacles so that nowhere along the counter's back wall are you over 24 inches (horizontally) from one.,"Kitchen countertop point 42 inches from the nearest receptacle, over the 24-inch limit",,,,,
,Commercial Installation Inspection,COM-MOTOR-OCPD-001,overcurrent-protection,Critical,nec,430.52,A motor branch circuit's short-circuit and ground-fault device follows the percentages in Table 430.52 and stays at or below the maximum they give.,Motor branch circuit overcurrent protection device exceeds Table 430.52 maximum,,,,,
,Commercial Installation Inspection,COM-MOTOR-WIRE-001,conductor-sizing,Critical,nec,430.22,Conductors for one continuously running motor need ampacity of at least 125 percent of its full-load current (taken per 430.6(A)(1)).,Motor branch circuit conductors undersized — not 125% of motor full-load current,,,,,
,Commercial Installation Inspection,COM-LOAD-CALC-001,load-calculation,Critical,nec,220.40,"A feeder or service load must equal at least the sum of the branch-circuit loads it supplies (Part II), after any demand factors allowed by Parts III, IV or V.",Calculated service load does not account for all connected loads,,,,,
,Commercial Installation Inspection,COM-FEEDER-SIZE-001,conductor-sizing,Critical,nec,215.2,"Size feeder conductors to carry the load worked out by the Article 220 calculation methods (its Parts III, IV and V).",Feeder conductor undersized for the calculated load it serves,,,,,
,Commercial Installation Inspection,COM-MOTOR-GND-001,earthing-bonding,Major,nec,250.122,"Pick the equipment grounding conductor size from Table 250.122, using the ampere rating or trip setting of the protective device ahead of the circuit.",Equipment grounding conductor undersized for the motor branch circuit OCPD,,,,,
,Commercial Installation Inspection,COM-MOTOR-MARK-001,identification-marking,Minor,nec,430.7,"Motor nameplates carry the maker, voltage, frequency, phase count, full-load amps, temperature rise or insulation class, ambient temperature, time rating, horsepower and locked-rotor code letter.",Motor nameplate data missing or illegible,,,,,
,Grounding & Bonding Inspection,GND-BOND-WATER-001,earthing-bonding,Major,nec,250.104(A),"Bond the metal water pipe system to any one of these: the service enclosure, the service's grounded conductor, a grounding electrode conductor of adequate size, or the electrodes in use.",Metal water piping not bonded to grounding system,,,,,
,Grounding & Bonding Inspection,GND-EGC-SIZE-001,earthing-bonding,Major,nec,250.122,Wire-type equipment grounding conductors are at least the size Table 250.122 specifies.,Equipment grounding conductor undersized for circuit,,,,,
,Grounding & Bonding Inspection,GND-ELECTRODE-SYS-001,earthing-bonding,Critical,nec,250.50,Bond together every electrode of the types listed in 250.52(A)(1) through (A)(7) at a building so they act as one system.,Multiple grounding electrodes present but not bonded together,,,,,
,Grounding & Bonding Inspection,GND-SYSTEM-001,earthing-bonding,Major,nec,250.4(A)(1),"Grounding a system ties it to earth to hold down surge voltages (from lightning, line surges, or an accidental touch of higher-voltage lines) and to keep voltage to earth stable during normal use.",Electrical system grounding does not limit voltage from lightning or surges,,,,,
,Grounding & Bonding Inspection,GND-GEC-ALUM-001,earthing-bonding,Major,nec,250.64(A),"Aluminum grounding electrode conductors, whether bare or copper-clad, are off limits where they would touch masonry or soil directly or sit in a corrosive environment.",Bare aluminum grounding electrode conductor in contact with earth,,,,,
,Grounding & Bonding Inspection,GND-WATERPIPE-001,earthing-bonding,Major,nec,250.52(A)(1),"A metal underground water pipe counts as an electrode only when 10 feet or more of it touches the earth, including bonded metal well casing in contact with earth.",Water pipe electrode not meeting 10-foot earth contact requirement,,,,,
,Grounding & Bonding Inspection,GND-INTERSYSTEM-001,earthing-bonding,Minor,nec,250.94,"Provide an intersystem bonding termination outside enclosures at the service or meter enclosure, and at the disconnect of any additional building or structure.",Missing intersystem bonding termination for communications grounding,,,,,
,Residential Service Panel Inspection,RP-WORK-PANEL-001,equipment-installation,Major,nec,110.12,"Install electrical equipment tidily, with good workmanship.",Unsecured conductors in panel with poor workmanship,,,,,
,Residential Service Panel Inspection,RP-CONN-LUG-001,equipment-installation,Critical,nec,110.14,"Terminations must make a solid connection without damaging the conductor, and connectors and terminals must be rated for the conductor's material.",Aluminum service entrance conductor terminated on copper-only rated lug,,,,,
,Residential Service Panel Inspection,RP-CLEAR-FRONT-001,working-space-access,Major,nec,110.26(A)(1),Working space in front of live parts must be at least as deep as Table 110.26(A)(1) requires; for 0 to 150 V nominal that is 3 feet.,Working space in front of panel is less than 36 inches deep,,,,,
,Residential Service Panel Inspection,RP-DISC-LOC-001,disconnecting-means,Critical,nec,230.70(A),"Put the service disconnect where it is readily accessible, outside the building or inside near where the service conductors enter.",Service disconnect located in an area not readily accessible,,,,,
,Residential Service Panel Inspection,RP-WIRE-OVER-001,overcurrent-protection,Critical,nec,240.4,Protect conductors (except flexible cords) from overcurrent according to their ampacity.,12 AWG conductor protected by a 30-ampere overcurrent device,,,,,
,Residential Service Panel Inspection,RP-PANEL-HEIGHT-001,working-space-access,Major,nec,240.24(A),"Keep breakers and switches within easy reach: with the handle raised to its top position, the middle of its grip must be no higher than 6 ft 7 in. (2.0 m) off the floor or working platform.",Breaker operating handle center is mounted above 6 feet 7 inches,,,,,
,Residential Service Panel Inspection,RP-DIR-MISS-001,identification-marking,Major,nec,408.4,"Label every circuit, and every change to a circuit, clearly with its specific purpose, in enough detail to tell it apart from all others.",Panel circuit directory is missing or has inaccurate circuit descriptions,,,,,
,Special Locations Inspection,SL-POOL-LUMINAIRE-001,special-locations,Critical,nec,680.22(B),"Keep luminaires, lighting outlets and ceiling fans out of the airspace above a pool and the 5 ft strip around it unless they sit 12 ft or more above the highest water level.",Luminaire hangs 9 feet above the water over a backyard pool,,,,,
,Special Locations Inspection,SL-POOL-BOND-001,special-locations,Critical,nec,680.26,"Bond the pool's conductive parts together with solid copper no smaller than 8 AWG so they form an equipotential grid, including metal ladders and rails.",Metal pool ladder and handrail are not bonded to the pool's bonding grid,,,,,
,Special Locations Inspection,SL-WET-COVER-001,special-locations,Major,nec,406.9(B),"In wet locations the receptacle's enclosure must stay weatherproof with or without a plug inserted, which means an in-use (bubble) cover.",Outdoor patio receptacle has a cover that is only weatherproof when closed,,,,,
,Wiring Methods Inspection,WM-BORED-HOLE-001,wiring-methods,Major,nec,300.4(A),"Cables and raceways through bored holes in wood framing need to sit at least 1-1/4 in from the nearest edge of the framing member; closer than that, a steel plate or sleeve at least 1/16 in thick must protect them.",Cable runs through a bored hole 3/4 inch from the edge of a stud with no protective plate,,,,,
,Wiring Methods Inspection,WM-NM-SUPPORT-001,wiring-methods,Minor,nec,334.30,"Secure NM cable within 12 in of each box and fitting, and at least every 4-1/2 ft between those points.",NM cable runs 6 feet along a joist with no staples or straps,,,,,
,Wiring Methods Inspection,WM-BURIAL-001,wiring-methods,Major,nec,300.5,"Direct-buried cable needs the cover depth in Table 300.5, normally 24 in. Shallower depths are allowed only in listed cases, such as 12 in for GFCI-protected residential circuits.",Direct-buried UF cable to the detached garage is only 10 inches deep,,,,,
,Wiring Methods Inspection,WM-BOX-FILL-001,wiring-methods,Major,nec,314.16,"A box must be large enough for everything in it: count each conductor, two for each device yoke, one for all the clamps and one for all the equipment grounds together, and multiply by the volume allowance for the conductor size.",Device box holds more conductors than its volume allows,,,,,
,Wiring Methods Inspection,WM-OVERHEAD-001,wiring-methods,Major,nec,225.18,"Overhead conductors of 300 V or less to ground need 12 ft of clearance over residential driveways; 10 ft is enough only where only pedestrians can reach them, and 18 ft is needed over public roads.",Feeder to the garage crosses a residential driveway 9 feet above grade,,,,,
