Concern,Reference,Title,Our paraphrase,New in edition,Use in app,Reference correct? (Y/N),Text accurate? (Y/N),Correct reference,Edition notes,Comments
"Restored for the wiring-methods or special-locations skill; confirm number, title and text (clearances rewritten; 2026 unverified)",225.18,Clearance for Overhead Conductors and Cables,"Overhead conductors of 1000 V or less need clearance above grade: 10 ft where only pedestrians can reach them and the supply is 150 V or less to ground; 12 ft over residential property, driveways and commercial areas without truck traffic at 300 V or less to ground; 15 ft over those areas at higher voltages; and 18 ft over public streets, alleys, roads and parking areas with truck traffic.",,cited,,,,,
"Restored for the wiring-methods or special-locations skill; confirm number, title and text",406.9(A),Receptacles in Damp Locations,"A receptacle outdoors under cover from weather, or in another damp location, needs an enclosure that is weatherproof when the covers are closed.",,related to a cited article,,,,,
"Restored for the wiring-methods or special-locations skill; confirm number, title and text",406.9(B),Receptacles in Wet Locations,"In wet locations, the receptacle's enclosure must stay weatherproof with or without a plug inserted, which in practice means an in-use (bubble) cover.",,cited,,,,,
"Restored for the wiring-methods or special-locations skill; confirm number, title and text (was 680.22(A)(1); medium-high)",680.22(B),Pool Area Lighting - Luminaire Height,"Keep luminaires, lighting outlets and ceiling fans out of the airspace above a pool and the 5 ft strip around it (measured horizontally from the inner walls) unless they sit 12 ft or more above the highest water level.",,cited,,,,,
"Restored for the wiring-methods or special-locations skill; confirm number, title and text",680.26,Equipotential Bonding,"Bond the pool's conductive parts together with solid copper no smaller than 8 AWG so they form an equipotential grid. The parts include the shell, the perimeter surface, metal ladders and rails, pumps and other metal equipment, and fixtures.",,cited,,,,,
"Restored for the wiring-methods or special-locations skill; confirm number, title and text",210.23,"Permissible Loads, Individual Branch Circuits",A single-load branch circuit can feed any load within its rating; one that feeds several outlets or receptacles is restricted to the loads allowed for its size.,,not tied to a violation,,,,,
"Restored for the wiring-methods or special-locations skill; confirm number, title and text",220.18,Maximum Loads,The total load cannot go beyond the branch circuit's rating or past the limits in 220.18(A) through (C) when their conditions apply.,,not tied to a violation,,,,,
"Restored for the wiring-methods or special-locations skill; confirm number, title and text (rewritten as the neutral conductor at switches; medium)",404.2(C),Switches - Grounded Conductor at the Switch,"A switch that controls lighting loads needs a grounded (neutral) conductor at the switch location, with exceptions such as where the cable is run in a way that lets a conductor be added later.",,not tied to a violation,,,,,
"Restored for the wiring-methods or special-locations skill; confirm number, title and text",410.10(A),Luminaires in Specific Locations - Wet or Damp,"Mount luminaires in damp or wet locations so water can neither get into nor pool inside their wiring compartments, lampholders and other components.",,not tied to a violation,,,,,
"Restored for the wiring-methods or special-locations skill; confirm number, title and text (Article 480 numbering is medium-low confidence)",480.3,Storage Batteries - Equipment,Battery system equipment and wiring follow the rest of the Code plus Article 480's own rules.,,not tied to a violation,,,,,
"Restored for the wiring-methods or special-locations skill; confirm number, title and text (Article 480 numbering is medium-low confidence; text is generic)",480.4,Battery and Cell Terminations,"Where corrosion is a concern at battery and cell terminals, use an antioxidant or other protective material on the connections, and make intercell and intertier connections with conductors and connectors suited to the system.",,not tied to a violation,,,,,
"Restored for the wiring-methods or special-locations skill; confirm number, title and text (Article 480 numbering is medium-low confidence; the 60 V threshold is unconfirmed)",480.7,Battery DC Disconnect Methods,"A stationary battery system above 60 V DC nominal needs a disconnect for all of its ungrounded conductors, located where it can be reached and operated safely.",,not tied to a violation,,,,,
"Restored for the wiring-methods or special-locations skill; confirm number, title and text (Article 480 numbering is medium-low confidence)",480.10,Battery Locations - Ventilation,Provide enough diffusion and ventilation to stop battery gases building up an explosive mixture. Dedicated battery rooms need ventilation that holds hydrogen to no more than 1 percent of the room volume.,,not tied to a violation,,,,,
"Restored for the wiring-methods or special-locations skill; confirm number, title and text (cord-and-plug equipment; medium-high)",680.7,Pool Equipment - Cord-and-Plug Connections,"Fixed or stationary pool equipment, other than underwater luminaires, may be connected with a flexible cord and plug so it can be removed for servicing, with a cord of 3 ft or less, a copper equipment grounding conductor of at least 12 AWG and a grounding-type plug.",,not tied to a violation,,,,,
"Restored for the wiring-methods or special-locations skill; confirm number, title and text",680.12,Maintenance Disconnecting Means,"Utilization equipment other than lighting needs a disconnect that opens all ungrounded conductors at the same time. Put each one where the equipment it serves is visible and easy to reach, and 5 ft (1.5 m) or more away from the inner walls of any pool, spa or hot tub.",,not tied to a violation,,,,,
"Restored for the wiring-methods or special-locations skill; confirm number, title and text (spas and hot tubs; text is generic)",680.44,Protection for Spas and Hot Tubs,"The outlets and circuits that supply spas and hot tubs need GFCI protection, with the details depending on the type of unit.",,not tied to a violation,,,,,
Added for the sandbox air-conditioning circuit (found by the content tests); confirm number and text,440.4,Marking on Air-Conditioning and Refrigeration Equipment,Air-conditioning and refrigeration equipment carries a nameplate that gives its minimum circuit ampacity and its maximum overcurrent device rating. Size the circuit conductors and the breaker from that nameplate.,,not tied to a violation,,,,,
,110.12,Mechanical Execution of Work,"Install electrical equipment tidily, with good workmanship.",,cited,,,,,
,110.14,Electrical Connections,"Connectors and lugs must suit the conductor material, since different metals behave differently, and be installed and used correctly.",,cited,,,,,
,110.26(A)(1),Working Space - Minimum Clear Distances,"Working space in front of live parts must be at least as deep as Table 110.26(A)(1) gives, unless exception (a) or (b) applies.",,cited,,,,,
,110.26(A)(2),Working Space - Width,"The clear area in front of equipment must be 30 inches wide at minimum, or as wide as the equipment itself if that is more.",,related to a cited article,,,,,
,110.26(A)(3),Working Space - Height,"Working space stays clear from floor, grade or platform level upward, to 6-1/2 ft or to the top of the equipment if that is taller.",,related to a cited article,,,,,
,210.8(A),GFCI Protection - Dwelling Units,Receptacles rated 125 V to 250 V in any dwelling location named in 210.8(A)(1) through (A)(11) require GFCI protection to keep people safe.,yes,related to a cited article,,,,,
,210.8(A)(1),GFCI Protection - Bathrooms,"In a home's bathrooms, every 125 V to 250 V receptacle needs GFCI protection.",,cited,,,,,
,210.8(A)(2),GFCI Protection - Garages and Accessory Buildings,Garages and outbuildings need GFCI protection on 125 V to 250 V receptacles when the floor is at or below grade.,,cited,,,,,
,210.8(A)(6),GFCI Protection - Kitchens,"In a home's kitchens, receptacles of 125 V to 250 V need GFCI protection, not only the ones that serve the countertop.",,cited,,,,,
,210.11(C)(1),Branch Circuits Required - Kitchen Small Appliance,"Besides the circuits required elsewhere in this section, add two or more 20 A small-appliance circuits for the kitchen receptacles.",,cited,,,,,
,210.11(C)(2),Branch Circuits Required - Laundry,"Besides the circuits required elsewhere in this section, add at least one 120 V, 20 A circuit for the laundry receptacle.",,related to a cited article,,,,,
,210.11(C)(3),Branch Circuits Required - Bathroom,"Besides the circuits required elsewhere in this section, add at least one 120 V, 20 A circuit for the bathroom receptacles.",,cited,,,,,
,210.12(A),AFCI Protection - Dwelling Units,"In a home, 120 V single-phase 15 A and 20 A branch circuits that serve outlets in habitable rooms such as kitchens, living and dining rooms, bedrooms, closets, hallways and laundry areas need arc-fault protection by one of the methods in 210.12(A)(1) through (A)(6).",yes,cited,,,,,
,210.52(A),Receptacle Outlets Required - General,"In kitchens, family and dining rooms, living rooms, parlors, libraries, dens, sunrooms, bedrooms, recreation rooms and similar spaces of a home, place receptacles so every point along a wall's floor line is within 6 feet of one.",,cited,,,,,
,210.52(B),Receptacle Outlets Required - Small Appliance,"Kitchen, pantry, breakfast-room and dining-room areas need their wall, floor and countertop receptacles (those covered by 210.52(A) and 210.52(C)), plus receptacles for refrigeration equipment, supplied by the two or more 20 A small-appliance circuits from 210.11(C)(1).",,related to a cited article,,,,,
,210.52(C),Receptacle Outlets Required - Countertops,"Countertop receptacles in kitchens, pantries, breakfast and dining areas must be spaced so you are never farther than 24 inches from one, counted horizontally along the wall line.",,cited,,,,,
,220.12,Lighting Loads for Specified Occupancies,Lighting load is at least the unit load in Table 220.12 for the occupancy.,,related to a cited article,,,,,
,220.40,General Calculations - Services and Feeders,"A feeder or service load must equal at least the sum of the branch-circuit loads it supplies (Part II), after any demand factors allowed by Part III or IV.",,cited,,,,,
,220.82,Optional Calculation - Dwelling Unit,"A one-family dwelling, or one unit of a two-family or multifamily dwelling, may use the optional calculation in 220.82: the first 10 kVA of general loads at 100% and the rest at 40%, with heating and air-conditioning loads added by their own percentages.",,related to a cited article,,,,,
,230.70(A),Service Disconnect - Location,"Put the service disconnect where it is readily accessible, outside the building or inside near where the service conductors enter.",,cited,,,,,
,240.4,Protection of Conductors,Overcurrent protection must match each conductor's ampacity (this does not cover flexible cords and cables or fixture wires).,,cited,,,,,
,240.4(D),Small Conductors,"Breaker limits for small conductors, unless 240.4(E) or 240.4(G) allow more. Copper: 14 AWG 15 A, 12 AWG 20 A, 10 AWG 30 A. Aluminum or copper-clad aluminum: 12 AWG 15 A, 10 AWG 25 A.",,cited,,,,,
,240.24(A),Overcurrent Device Location - Accessibility,"Keep breakers and switches within easy reach: with the handle raised to its top position, the middle of its grip must be no higher than 6 ft 7 in. (2.0 m) off the floor or working platform.",,cited,,,,,
,250.4(A)(1),General Requirements - Grounding of Electrical Systems,"Grounding a system ties it to earth to hold down surge voltages (from lightning, line surges, or an accidental touch of higher-voltage lines) and to keep voltage to earth stable during normal use.",,cited,,,,,
,250.24(A)(1),Grounding Electrode Conductor Connection,"The grounding electrode conductor is the link between the grounding electrode(s) and the service's equipment grounding conductors and enclosures and, if the system is grounded, its grounded conductor.",,cited,,,,,
,250.50,Grounding Electrode System,Bond together every electrode of the types listed in 250.52(A)(1) through (A)(7) at a building so they act as one system.,,cited,,,,,
,250.52(A)(1),Grounding Electrodes - Metal Underground Water Pipe,"A metal underground water pipe counts as an electrode when 10 feet or more of it touches the earth, including bonded metal well casing in contact with earth.",,cited,,,,,
,250.52(A)(5),Grounding Electrodes - Ground Rod,A ground rod needs a length of at least 8 feet and a diameter of at least 5/8 inch (1/2 inch is allowed for listed stainless or nonferrous rods).,,cited,,,,,
,250.64(A),Grounding Electrode Conductor Installation - Aluminum,"Aluminum grounding electrode conductors, whether bare or copper-clad, are off limits where they would touch masonry or soil directly or sit in a corrosive environment.",,cited,,,,,
,250.104(A),Bonding of Piping Systems - Metal Water Piping,"Bond the metal water pipe system to any one of these: the service enclosure, the service's grounded conductor, a grounding electrode conductor of adequate size, or the electrodes in use.",,cited,,,,,
,250.122,Size of Equipment Grounding Conductors,Wire-type equipment grounding conductors are at least the size Table 250.122 specifies.,,cited,,,,,
,310.14,Conductor Ampacities,Conductor ampacities come from Tables 310.16 through 310.21 and their notes.,,related to a cited article,,,,,
,310.16,Ampacities of Insulated Conductors,"Insulated conductors rated 2000 V or below have their allowable ampacities listed in Table 310.16, which assumes a 30 degrees C ambient.",,related to a cited article,,,,,
,334.10,NM Cable - Uses Permitted,"Houses and duplexes, their garages and storage buildings (attached or detached), and multifamily dwellings can all use NM, NMC and NMS cable.",,related to a cited article,,,,,
,334.30,NM Cable - Securing and Supporting,"Fasten NM cable with staples, ties, straps, hangers or the like every 4-1/2 ft or less, and within 12 inches of each cabinet, box or fitting.",,cited,,,,,
,408.4,Circuit Directory or Circuit Identification,"Label every circuit, and every change to a circuit, clearly with its specific purpose, in enough detail to tell it apart from all others.",yes,cited,,,,,
,408.54,Maximum Number of Overcurrent Devices,"In addition to 408.30, a panelboard must physically prevent installing more overcurrent devices than the number it was designed, rated and listed for.",,cited,,,,,
,422.16,Appliances - Flexible Cords,Flexible cord may connect appliances that are swapped often or that need noise or vibration isolation.,,related to a cited article,,,,,
,430.52,Motor Branch-Circuit Short-Circuit and Ground-Fault Protection,Short-circuit and ground-fault protection for a motor branch circuit has to satisfy 430.52(B) and one of 430.52(C) or (D); the device rating or setting cannot go above the Table 430.52 values.,,cited,,,,,
,210.8(D),GFCI Protection - Specific Appliances,"The outlets that supply dishwashers in homes need GFCI protection, whether the dishwasher is plugged in or hard-wired.",,cited,,,,,
,240.4(B),Next Higher Standard Overcurrent Device,"When a conductor's ampacity does not land on a standard device rating from 240.6(A), the next size up may be used, but not for a circuit with more than one receptacle for portable cord-and-plug loads.",,related to a cited article,,,,,
,334.80,NM Cable - Ampacity,"Where more than two NM cables (each with at least two current-carrying conductors) pass without spacing through the same hole in wood framing that is sealed with insulation, caulk or foam, derate each conductor's ampacity per Table 310.15(C)(1); the adjustment counts only current-carrying conductors.",,cited,,,,,
,220.42,General Lighting Demand Factors,"Table 220.42 demand factors apply to the general-illumination part of the branch-circuit load but not to heavy-duty lampholders. In dwellings: 100% for the first 3,000 VA, 35% for VA from 3,001 up to 120,000, and 25% above 120,000 VA.",,related to a cited article,,,,,
,250.53(A)(2),Supplemental Electrode Required,"One rod, pipe or plate on its own must be backed by another electrode of a type in 250.52(A)(2) through (A)(8). The extra electrode may be bonded to the first, to the grounding electrode conductor, to the incoming grounded conductor at the service, or to the service enclosure. Exception: a lone electrode that measures 25 ohms or less to earth needs no supplement.",,cited,,,,,
,250.94,Intersystem Bonding Termination,Provide an intersystem bonding termination outside enclosures at the service or metering enclosure and at the disconnect of any additional building or structure; it needs terminals for at least three intersystem bonding conductors.,,cited,,,,,
,215.2,Minimum Rating and Size of Feeders,"Feeder conductors must carry the load found by the Article 220 calculation parts III, IV and V. Before any adjustment or correction factors, the smallest allowable conductor must be rated to carry the noncontinuous load together with 125 percent of what runs continuously.",,cited,,,,,
,220.14,Other Loads - All Occupancies,"Outside dwelling units, count at least 180 VA for each single or multiple receptacle on one yoke, and for other outlets that are not part of general lighting. A dwelling does not count its receptacles one by one, because they are covered by the general lighting load.",,cited,,,,,
,220.44,Receptacle Loads - Other Than Dwelling Units,Receptacle loads from 220.14 may use the Table 220.44 demand factors or be calculated as 220.44(A) allows.,,related to a cited article,,,,,
,240.21(B)(1),Feeder Taps Not Over 10 ft,A tap off a feeder needs no overcurrent device where it connects if all of these hold: it is 3.0 m (10 ft) long or less; its ampacity covers the calculated loads it feeds and is at least the rating of the equipment or device it ends at; it does not extend past that equipment; it is enclosed in a raceway; and a tap that leaves the enclosure has an ampacity of at least 10 percent of the feeder device rating.,,cited,,,,,
,250.4(A)(5),Effective Ground-Fault Current Path,"Equipment, wiring and other conductive material that could become energized must be installed to form a low-impedance path that helps the overcurrent device operate.",,related to a cited article,,,,,
,300.4(A),Protection Against Physical Damage - Cables Through Framing Members,"When cable or a raceway runs through holes drilled in joists, rafters or other wood framing (exposed or concealed), keep at least 1-1/4 in. (32 mm) between the hole and the wood's nearest edge. If you cannot, shield the cable or raceway against screws and nails with a steel plate or bushing.",,cited,,,,,
,300.5,Underground Installations,Direct-buried cables and raceways must meet the minimum cover in Table 300.5. Underground cables beneath a building go in a raceway. Protect underground conductors from damage as 300.5(D) describes.,,cited,,,,,
,314.16,"Number of Conductors in Outlet, Device, and Junction Boxes","Choose a box or conduit body big enough to leave free space for every conductor inside; the box volume must at least match the fill calculation in 314.16(A) and (B). Count a conductor once if it begins outside and ends or is spliced inside, and once if it simply passes through without splice or termination.",,cited,,,,,
,430.7,Marking on Motors and Multimotor Equipment,"A motor nameplate must show the manufacturer, voltage, frequency, number of phases, full-load amps, temperature rise or insulation class, ambient temperature, duty rating, horsepower, and locked-rotor code letter, plus any other specified information.",,cited,,,,,
,430.22,Single Motor - Branch-Circuit Conductor Size,Conductors for one continuously running motor need ampacity of at least 125 percent of its full-load current (taken per 430.6(A)(1)).,,cited,,,,,
,430.24,Several Motors or a Motor(s) and Other Load(s),"For several motors, or a motor plus other loads, conductor ampacity is 125 percent of the largest motor's full-load current plus the full-load currents of the other motors plus the ampacity needed for the other loads.",,cited,,,,,
,430.32,Continuous-Duty Motors - Overload Protection,"A continuous-duty motor over 1 hp needs its own overload device that responds to motor current. Set it to trip at no more than 125 percent of nameplate full-load current when the motor has a service factor of 1.15 or more, or a marked temperature rise of 40 C or less, and no more than 115 percent for other motors. If that setting cannot start the motor or carry its load, 430.32(C) allows a higher setting, up to 140 percent and 130 percent.",,cited,,,,,
,430.102(B),Motor Controller Disconnecting Means,A motor disconnect must be in sight of the motor and of the machinery the motor drives.,,cited,,,,,
,430.110,Ampere Rating and Interrupting Capacity of Motor Disconnecting Means,"The disconnect for a motor circuit of 600 V or less must be rated at 115 percent or more of the motor's full-load current. For a Design E motor, mark the disconnect as suitable for a Design E motor.",,cited,,,,,
,110.14(A),Terminals,"Terminate conductors securely, without nicking or crushing them, by means of pressure connectors, soldered lugs, or splices onto flexible leads.",,not tied to a violation,,,,,
,210.8(A)(10),GFCI Protection - Laundry Areas,Laundry-area receptacles (125 V to 250 V) in a home need GFCI protection.,,not tied to a violation,,,,,
,230.79,Rating of Service Disconnecting Means,The service disconnect's rating must be at least the calculated load it serves.,,not tied to a violation,,,,,
,406.4(D),Receptacle Replacements - GFCI,"If the receptacle box lacks a grounding means, either a GFCI-type receptacle or a GFCI breaker is an allowed solution.",,not tied to a violation,,,,,
,430.6(A)(1),Motor Ampere Ratings - Table Values,"Take motor current ratings from Table 430.247, 430.248, 430.249 or 430.250 whenever the rating determines conductor ampacity, switch size, protection of the branch circuit against short circuits and ground faults, or overload protection.",,not tied to a violation,,,,,
,210.8(A)(3),GFCI Protection - Outdoors,"Outdoor 125 V to 250 V receptacles at a home need GFCI protection, for example on porches, patios and decks.",,not tied to a violation,,,,,
,210.8(A)(9),GFCI Protection - Bathtubs and Shower Stalls,Receptacles of 125 V to 250 V within 6 ft of a tub's or shower's outer edge need GFCI protection.,,not tied to a violation,,,,,
,210.12(B),AFCI Protection - Branch Circuit Extensions or Modifications,"Wiring changes, replacements or extensions on a circuit in the 210.12(A) areas bring the circuit under the same arc-fault protection methods, 210.12(A)(1) through (A)(6).",,not tied to a violation,,,,,
,210.52(C)(2),Receptacle Outlets - Island and Peninsular Countertop Spaces,"Install at least one receptacle on every island or peninsula countertop that measures 24 inches or more on its long side and 12 inches or more on its short side (islands are covered by (C)(2), peninsulas by (C)(3)).",,not tied to a violation,,,,,
,210.52(D),Receptacle Outlets - Bathrooms,"A bathroom needs a receptacle no more than 36 inches from the outer edge of each basin, mounted on an adjoining wall or partition, or on the basin cabinet's side or front no lower than 12 inches under the countertop.",,not tied to a violation,,,,,
,210.52(E)(1),Receptacle Outlets - Outdoor Outlets for Dwelling Units,"At a one-family house, and at every grade-level dwelling unit of a duplex, install at least two outdoor receptacles, front and back, within reach from the ground and no more than 6-1/2 ft above it.",,not tied to a violation,,,,,
,210.52(G),"Receptacle Outlets - Basements, Garages, and Accessory Buildings","A one-family home needs at least one receptacle in each garage, attached or detached, and in each powered accessory building, and another in an unfinished basement area beyond any laundry receptacles.",,not tied to a violation,,,,,
,220.52,Small-Appliance and Laundry Loads - Dwelling Unit,"Each 2-wire small-appliance circuit (210.11(C)(1)) and each laundry circuit (210.11(C)(2)) in a dwelling counts as 1,500 VA; add these to the general lighting load if you like and apply the Table 220.42 demand factors to the sum.",,not tied to a violation,,,,,
,220.54,Electric Dryer Load - Dwelling Unit,"A household electric dryer counts as 5,000 W or its nameplate rating, whichever is larger, and Table 220.54 demand factors may be used for multiple dryers.",,not tied to a violation,,,,,
,220.55,Electric Cooking Equipment - Dwelling Unit,"Demand for household electric ranges, built-in wall ovens, countertop cooking units and similar appliances individually rated above 1-3/4 kW may come from Table 220.55. A single circuit feeding a cooking appliance of 12 kW or less is limited to 8 kW of demand.",,not tied to a violation,,,,,
,220.83,Optional Calculation - Existing Dwelling Unit,"An existing dwelling may use an optional method: total the lighting and receptacle load, the load from small-appliance and laundry circuits, and any other nameplate loads, then count the first 8 kVA at 100% and the rest at 40% (when no heating or air-conditioning is being added; added loads change the method).",,not tied to a violation,,,,,
,110.3(B),Installation and Use - Listed or Labeled Equipment,Install and use listed or labeled equipment the way its listing or labeling instructions say.,,not tied to a violation,,,,,
,110.14(B),Temperature Limitations,"Choose conductor ampacity temperature ratings so they do not exceed the lowest rating among the connected terminations, conductors or devices.",,not tied to a violation,,,,,
,200.6,Means of Identifying Grounded Conductors,"Insulated grounded conductors of 6 AWG or smaller are marked along their whole length with a solid white or gray finish, or with stripes (three, continuous, white or gray) on insulation that is not green.",,not tied to a violation,,,,,
,210.3,Rating,"A branch circuit's rating equals the maximum ampere rating or setting allowed for its overcurrent device; circuits that are not individual circuits use 15, 20, 30, 40 or 50 A.",,not tied to a violation,,,,,
,210.19(A),Branch-Circuit Conductors - Minimum Ampacity,Branch-circuit conductors must carry at least the largest load they serve; size them to the greater of the results from 210.19(A)(1) and (A)(2).,,not tied to a violation,,,,,
,210.52(H),Dwelling Unit Receptacle Outlets - Hallways,Hallways in homes that run 10 ft (3.0 m) or longer need at least one receptacle.,,not tied to a violation,,,,,
,250.66,Size of AC Grounding Electrode Conductor,"Table 250.66 gives the smallest allowed grounding electrode conductor for a service, for buildings fed from a feeder or a branch circuit, and for a separately derived system.",,not tied to a violation,,,,,
,250.118,Types of Equipment Grounding Conductors,"The equipment grounding conductor that accompanies or surrounds the circuit conductors can be aluminum, copper, or copper-clad aluminum wire, or a raceway type: rigid or intermediate metal conduit, EMT or listed flexible metal conduit (other listed types also qualify).",,not tied to a violation,,,,,
,240.6,Standard Ampere Ratings,"Fuses and fixed-trip circuit breakers come in standard ratings: 15, 20, 25, 30, 35, 40, 45, 50, 60, 70, 80, 90, 100, 110, 125, 150, 175, 200, 225, 250, 300, 350, 400, 450, 500, 600, 700, 800, 1000, 1200, 1600, 2000, 2500, 3000, 4000, 5000 and 6000 amperes; fuses also come in 1, 3, 6, 10 and 601 amperes.",,not tied to a violation,,,,,
