Concern,Kind,Code,Id,Title or circuit,References,What it says,Reference correct? (Y/N),Text accurate? (Y/N),Correct reference,Edition notes,Comments
,Quick reference card,nec,QRC-GFCI-001,GFCI Protection Requirements,"210.8(A), 210.8(A)(1), 210.8(A)(2), 210.8(A)(6), 210.8(D)","Ground-Fault Circuit Interrupter (GFCI) protection is required for 125 V to 250 V receptacles in a dwelling's bathrooms, kitchens, garages, outdoors, basements, laundry areas, within 6 ft of sinks, and near bathtubs and showers, and for the outlets that supply dishwashers. Key rule: 125 V to 250 V receptacles in these dwelling locations need GFCI protection.",,,,,
,Quick reference card,nec,QRC-AFCI-001,AFCI Protection Requirements,210.12(A),"Arc-Fault Circuit Interrupter (AFCI) protection is required for 120 V, 15 A and 20 A branch circuits that serve the dwelling-unit rooms the code lists: bedrooms, living rooms, kitchens, dining rooms, hallways, closets, laundry areas and similar rooms. Key rule: AFCI protection is required in the listed habitable rooms of dwelling units.",,,,,
,Quick reference card,nec,QRC-WIRE-001,Wire Gauge & Breaker Sizing,"240.4(D), 310.14, 310.16","Wire gauge must match the breaker amperage: 14 AWG max 15A, 12 AWG max 20A, 10 AWG max 30A, 8 AWG max 40A, 6 AWG max 55A. Never put a smaller wire on a larger breaker. Key rule: 14 AWG = 15A, 12 AWG = 20A, 10 AWG = 30A, 8 AWG = 40A, 6 AWG = 55A",,,,,
,Quick reference card,nec,QRC-BRANCH-001,Required Branch Circuits,"210.11(C)(1), 210.11(C)(2), 210.11(C)(3)","Dwelling units need 20 A circuits for the bathroom receptacles and the laundry receptacle, and at least two 20 A small-appliance circuits for the kitchen countertop and nearby eating areas. Key rule: Bathroom, laundry, and kitchen small-appliance circuits are 20 A circuits of their own.",,,,,
,Quick reference card,nec,QRC-SPACING-001,Receptacle Spacing Rules,"210.52(A), 210.52(C), 210.52(C)(2)","Wall receptacles: no point more than 6 feet from an outlet (max 12 feet between outlets). Countertop receptacles: no point more than 24 inches from an outlet. Islands and peninsulas 24""x12"" or larger need at least one outlet. Key rule: Walls: 6ft rule (12ft max spacing). Countertops: 24-inch rule.",,,,,
,Quick reference card,nec,QRC-LOAD-001,Residential Load Calculation,"220.12, 220.42, 220.52, 220.54, 220.55","Standard method: General lighting at 3 VA/sq ft + small-appliance circuits at 1,500 VA each + laundry at 1,500 VA. Apply Table 220.42 demand factors: first 3,000 VA at 100%, remainder at 35%. Add dryer (5,000 VA) and range (8,000 VA demand) at 100%. Key rule: 3 VA/sq ft lighting + 1,500 VA per SA circuit + demand factors from Table 220.42",,,,,
,Quick reference card,nec,QRC-GROUND-001,Grounding Electrode System,"250.50, 250.52(A)(1), 250.52(A)(5), 250.24(A)(1)","All grounding electrodes present at a building must be bonded together. Common electrodes: metal underground water pipe (10ft+ contact), ground rods (8ft, 5/8"" diameter), concrete-encased electrode (Ufer ground). The grounding electrode conductor connects the system to earth. Key rule: All present electrodes must be bonded together to form the grounding electrode system.",,,,,
,Quick reference card,nec,QRC-PANEL-001,Panel Design Basics,"408.4, 408.54, 110.26(A), 230.79","Panelboards must not exceed their bus rating. All circuits must be identified in a directory. Working space: 30"" wide, 36"" deep, 6.5' high minimum. Balance loads between bus sides. Main breaker must handle the calculated service load. Key rule: Panel directory required. Do not exceed bus rating. Maintain working clearance.",,,,,
,Quick reference card,nec,QRC-NM-001,NM Cable Installation,"334.30, 334.80, 310.14","NM (Romex) cable must be secured within 12 inches of every box and at intervals not exceeding 4.5 feet. When more than 2 NM cables pass through the same hole in framing that is sealed with insulation, caulk or foam, ampacity must be derated per Table 310.15(C)(1). Key rule: Secure within 12"" of boxes, every 4.5 ft. Derate when bundling 3+ cables in a sealed opening.",,,,,
,Sandbox circuit,nec,Residential200A,Kitchen Small Appliance 1,210.11(C)(1),"20 A on 12 AWG, 1-pole, protection: GFCI and AFCI. First of two required 20A small-appliance branch circuits for kitchen countertop receptacles.",,,,,
,Sandbox circuit,nec,Residential200A,Kitchen Small Appliance 2,210.11(C)(1),"20 A on 12 AWG, 1-pole, protection: GFCI and AFCI. Second of two required 20A small-appliance branch circuits for kitchen countertop receptacles.",,,,,
,Sandbox circuit,nec,Residential200A,Bathroom Receptacles,210.11(C)(3),"20 A on 12 AWG, 1-pole, protection: GFCI. Dedicated 20A branch circuit for bathroom receptacle outlets.",,,,,
,Sandbox circuit,nec,Residential200A,Laundry,210.11(C)(2),"20 A on 12 AWG, 1-pole, protection: GFCI and AFCI. Dedicated 20A branch circuit for laundry room receptacle.",,,,,
,Sandbox circuit,nec,Residential200A,Dishwasher,210.8(D),"20 A on 12 AWG, 1-pole, protection: GFCI and AFCI. Dedicated circuit for dishwasher with GFCI and AFCI protection (a dual-function breaker does both).",,,,,
,Sandbox circuit,nec,Residential200A,Garbage Disposal,210.8(A)(6),"20 A on 12 AWG, 1-pole, protection: GFCI and AFCI. Dedicated circuit for garbage disposal under kitchen sink, with GFCI and AFCI protection.",,,,,
,Sandbox circuit,nec,Residential200A,Electric Range,220.55,"50 A on 6 AWG, 2-pole, protection: none. 240V circuit for electric range/oven. 50A with 6 AWG conductors.",,,,,
,Sandbox circuit,nec,Residential200A,Clothes Dryer,220.54,"30 A on 10 AWG, 2-pole, protection: none. 240V circuit for electric clothes dryer. 30A with 10 AWG conductors.",,,,,
,Sandbox circuit,nec,Residential200A,Air Conditioning,440.4,"30 A on 10 AWG, 2-pole, protection: none. 240V circuit for central air conditioning condensing unit.",,,,,
,Sandbox circuit,nec,Residential200A,General Lighting,220.12,"15 A on 14 AWG, 1-pole, protection: AFCI. General lighting circuit for living areas. AFCI required for dwelling unit.",,,,,
,Sandbox circuit,nec,Residential200A,General Receptacles,210.52(A),"15 A on 14 AWG, 1-pole, protection: AFCI. General receptacle circuit for bedrooms and living areas. AFCI required.",,,,,
,Sandbox circuit,nec,Residential200A,Garage Receptacles,210.8(A)(2),"20 A on 12 AWG, 1-pole, protection: GFCI. Garage receptacle circuit with GFCI protection.",,,,,
