Concern,Reference,Title,Our paraphrase,New in edition,Use in app,Skill tag,Reference correct? (Y/N),Text accurate? (Y/N),Correct reference,Edition notes,Comments
"Draft from public summaries: check regulation number, amendment and edition (18th edition, amendments to 2026 unchecked)",411.3.3,RCD protection for socket-outlets,"Socket-outlets rated up to 32 A on AC final circuits need additional protection from an RCD with a rated trip current of 30 mA or less. Amendment 2 rewrote the rule in three groups (everyday users, other locations, and mobile equipment used outdoors); only the other-locations group can be left out, and only after a documented risk assessment.",,cited,shock-protection,,,,,
"Draft from public summaries: check regulation number, amendment and edition (18th edition, amendments to 2026 unchecked)",411.3.4,RCD protection for domestic lighting circuits,"In domestic (household) premises, AC final circuits that supply luminaires need additional protection from an RCD of 30 mA or less.",yes,related to a cited article,shock-protection,,,,,
"Draft from public summaries: check regulation number, amendment and edition (18th edition, amendments to 2026 unchecked)",411.3.1.2,Main protective bonding,"Extraneous metal that enters the building, such as gas and water service pipes and structural steel, is bonded to the main earthing terminal so touch voltages stay low if a fault occurs.",,cited,earthing-bonding,,,,,
Doubt: confirm the main bonding conductor size rule and the 6 mm2 / 10 mm2 figures,544.1,Main bonding conductor size,"The size of the main bonding conductor follows from the size of the supply neutral or earthing conductor. The usual copper minimum is 6 mm2 and the maximum 25 mm2, and 10 mm2 is common on PME supplies. The table that fixes the sizes is copyrighted and is not reproduced.",,related to a cited article,earthing-bonding,,,,,
"Draft from public summaries: check regulation number, amendment and edition (18th edition, amendments to 2026 unchecked)",543.1,Circuit protective conductor size,"Size the circuit protective conductor (cpc) either by the adiabatic equation, which limits heating during a fault, or from a simplified table that relates it to the line conductor size. The table is copyrighted and is not reproduced.",,cited,earthing-bonding,,,,,
"Draft from public summaries: check regulation number, amendment and edition (18th edition, amendments to 2026 unchecked)",542.3,Earthing conductor and main earthing terminal,"The earthing conductor runs from the main earthing terminal to the earth electrode or the supplier's earth terminal. It must be sized, protected against corrosion and mechanical damage, and connected at the main earthing terminal.",,cited,earthing-bonding,,,,,
"Draft from public summaries: check regulation number, amendment and edition (18th edition, amendments to 2026 unchecked)",542.2,Earth electrodes for TT systems,"A TT installation relies on its own earth electrode (a rod or pipe, tape or wire, or plate) and on RCD protection. The electrode resistance multiplied by the RCD trip current must stay at or below 50 V.",,related to a cited article,earthing-bonding,,,,,
Doubt: confirm Section 462 versus Chapter 46 numbering for the main switch and isolation,462,"Isolation and switching, and the main switch","Every installation can be isolated by a main switch at its origin that opens all live conductors, and each circuit or item of equipment has isolation and switching suited to its use. The main switch must be accessible and isolators can be secured against being switched on by mistake.",,cited,disconnecting-means,,,,,
"Draft from public summaries: check regulation number, amendment and edition (18th edition, amendments to 2026 unchecked)",514.9.1,Circuit charts and schedules,"A durable, legible chart, diagram or schedule at each consumer unit or distribution board shows the type and make-up of every circuit. In homes, the schedule from the electrical certificate fixed at the board usually meets this.",,cited,identification-marking,,,,,
"Draft from public summaries: check regulation number, amendment and edition (18th edition, amendments to 2026 unchecked)",702,Swimming pools and basins,"A swimming pool is divided into zones 0, 1 and 2. Zone 0 is the basin itself, where only very low voltage (SELV) equipment is allowed. Equipment and wiring in the other zones follow zone rules, and metal parts in zones 0 to 2 are supplementary-bonded.",,related to a cited article,special-locations,,,,,
"Draft from public summaries: check regulation number, amendment and edition (18th edition, amendments to 2026 unchecked)",702.415.2,Supplementary bonding at pools,"Extraneous conductive parts and exposed conductive parts in the pool zones, such as metal ladders and rails, are connected together by a supplementary bonding conductor.",,cited,special-locations,,,,,
"Draft from public summaries: check regulation number, amendment and edition (18th edition, amendments to 2026 unchecked)",134.1.1,Workmanship and materials,"Installation work is carried out by competent people with proper materials, and connections are secure, suitable for the conductor and accessible for inspection.",,cited,equipment-installation,,,,,
"Doubt: sources disagree on whether AFDDs are required or recommended, and for which buildings",421.1.7,Arc fault detection devices (AFDD),"An AFDD detects dangerous arcing in a final circuit. Amendment 2 recommends AFDDs on single-phase AC circuits that feed socket-outlets up to 32 A, and trade sources describe them as required in higher-risk residential buildings, houses in multiple occupation, student accommodation and care homes. The sources disagree on the exact wording, so the current text needs checking.",,not tied to a violation,arc-fault-protection,,,,,
"Draft from public summaries: check regulation number, amendment and edition (18th edition, amendments to 2026 unchecked)",421.1.201,Consumer unit enclosure,"In domestic premises, consumer units and similar boards follow BS EN 61439-3 and are either made of non-combustible material (steel counts) or housed in a non-combustible cabinet.",,not tied to a violation,equipment-installation,,,,,
"Draft from public summaries: check regulation number, amendment and edition (18th edition, amendments to 2026 unchecked)",312.2,"Earthing arrangements: TN-S, TN-C-S and TT","The supply's earthing arrangement decides how a fault is cleared. TN-S: the supplier provides a separate earth. TN-C-S (also called PME): the supplier combines neutral and earth, so the installation's earth comes from the neutral. TT: the installation uses its own earth electrode, so RCD protection is needed to clear faults.",,not tied to a violation,earthing-bonding,,,,,
"Draft from public summaries: check regulation number, amendment and edition (18th edition, amendments to 2026 unchecked)",701.415.2,Supplementary bonding in bathrooms,"Extra bonding between metal parts in a room with a bath or shower can be left out only if all circuits there have RCD protection and automatic disconnection, and all incoming metal is already main-bonded.",,not tied to a violation,earthing-bonding,,,,,
"Draft from public summaries: check regulation number, amendment and edition (18th edition, amendments to 2026 unchecked)",433.1,Overload protection and cable coordination,"The protective device rating must sit between the circuit's design current and the cable's current-carrying capacity (Ib <= In <= Iz), and the device's guaranteed tripping current must not exceed 1.45 times the cable capacity.",,not tied to a violation,overcurrent-protection,,,,,
"Draft from public summaries: check regulation number, amendment and edition (18th edition, amendments to 2026 unchecked)",434.5,Short-circuit protection,The device must clear a short circuit before the cable overheats: the cable's heat-withstand limit must be higher than the let-through energy of the device.,,not tied to a violation,overcurrent-protection,,,,,
"Draft from public summaries: check regulation number, amendment and edition (18th edition, amendments to 2026 unchecked)",314.1,Dividing an installation into circuits,"The installation is divided into several circuits so that a fault affects as little as possible, safe maintenance is possible and nuisance tripping is limited. The UK has no fixed list of dedicated circuits like the NEC's.",,not tied to a violation,branch-circuit-requirements,,,,,
"Draft from public summaries: check regulation number, amendment and edition (18th edition, amendments to 2026 unchecked)",311.1,Maximum demand,"The designer assesses the maximum demand, with diversity, to size the supply and the conductors. The standard diversity tables are in IET guidance, not in BS 7671 itself.",,not tied to a violation,load-calculation,,,,,
"Draft from public summaries: check regulation number, amendment and edition (18th edition, amendments to 2026 unchecked)",523,Current-carrying capacity and derating,"A cable's current-carrying capacity depends on how it is installed, the ambient temperature, grouping with other circuits and thermal insulation. The capacity tables are in Appendix 4 and are copyrighted, so the figures are not reproduced.",,not tied to a violation,conductor-sizing,,,,,
"Draft from public summaries: check regulation number, amendment and edition (18th edition, amendments to 2026 unchecked)",525,Voltage drop,"Voltage drop from the origin of the installation to the load must stay within the limits in Appendix 12, commonly given as 3 percent for lighting and 5 percent for other circuits on a 230 V public supply.",,not tied to a violation,conductor-sizing,,,,,
Doubt: confirm the number of the RCD test notice (514.12.2) and its wording,514.12,RCD test notice,A notice at the consumer unit tells users to press the RCD test button every six months.,,not tied to a violation,identification-marking,,,,,
"Draft from public summaries: check regulation number, amendment and edition (18th edition, amendments to 2026 unchecked)",514.3,Conductor colours,"Single-phase installations use brown for the line, blue for the neutral and green-and-yellow for the circuit protective conductor; three-phase installations use brown, black and grey for the lines.",,not tied to a violation,identification-marking,,,,,
"Draft from public summaries: check regulation number, amendment and edition (18th edition, amendments to 2026 unchecked)",522.6.202,Cables concealed in walls and partitions,"A cable concealed less than 50 mm below a wall surface must run in a safe zone (vertical and horizontal runs tied to accessories and corners) and have 30 mA RCD protection, unless it has another protection listed in 522.6.204.",,not tied to a violation,wiring-methods,,,,,
"Draft from public summaries: check regulation number, amendment and edition (18th edition, amendments to 2026 unchecked)",522.6.204,Alternatives to RCD protection for concealed cables,"A concealed cable can avoid the RCD requirement if it has an earthed metal sheath or earthed conduit or trunking, is protected against nails and screws by its construction or an earthed barrier, or is a SELV or PELV circuit.",,not tied to a violation,wiring-methods,,,,,
"Draft from public summaries: check regulation number, amendment and edition (18th edition, amendments to 2026 unchecked)",701,Bathrooms and shower rooms,"A room with a bath or shower is divided into zones. Zone 0 is inside the bath or shower tray, zone 1 is above it up to 2.25 m, and zone 2 extends 0.6 m beyond zone 1. Only very low voltage (SELV) equipment is allowed in zone 0. Socket-outlets other than shaver units are not allowed in zones 0 to 2, and IP ratings and RCD protection apply across the zones.",,not tied to a violation,special-locations,,,,,
Doubt: Amendment 4 reportedly changes the residual direct current wording,722,Electric vehicle charging points,"Each charging point needs 30 mA RCD protection plus protection against residual direct current (a Type B RCD, or a Type A or F RCD with a 6 mA residual direct current detecting device). Special rules limit the use of a PME earth for outdoor charging points. Amendment 4 reportedly changes the residual direct current wording, so the current text needs checking.",,not tied to a violation,special-locations,,,,,
"Draft from public summaries: check regulation number, amendment and edition (18th edition, amendments to 2026 unchecked)",132.12,Accessibility and maintenance,"Equipment is installed so that it can be reached for operating, inspecting, testing and maintaining. BS 7671 gives no fixed clearance dimensions; a duty to provide adequate working space comes from the Electricity at Work Regulations 1989.",,not tied to a violation,working-space-access,,,,,
